method_a,method_b,n_pairs,mean_a,ci_a_low,ci_a_high,mean_b,ci_b_low,ci_b_high,mean_difference,ci_diff_low,ci_diff_high,t,p,cohens_d,significant,improvement_percent,regime,metric,a_disqualified,b_disqualified,citable
fixed,longest_queue,30,26.1842,24.8678,27.5258,27.9423,26.35,29.571,-1.7582,-3.7504,0.1696,-1.716,0.096823,-0.3133,False,6.29,saturated,mean_wait_s,,,True
fixed,webster,30,26.1842,24.8678,27.5258,14.0531,13.4106,14.7119,12.1311,10.6643,13.587,16.1281,0.0,2.9446,True,-86.32,saturated,mean_wait_s,,,True
longest_queue,webster,30,27.9423,26.35,29.571,14.0531,13.4106,14.7119,13.8892,12.2075,15.6093,16.0093,0.0,2.9229,True,-98.83,saturated,mean_wait_s,,,True
fixed,longest_queue,30,71.8899,66.0614,75.6639,70.4632,68.4882,72.4651,1.4267,-4.9706,5.9259,0.4956,0.623925,0.0905,False,-2.02,oversaturated,mean_wait_s,completed 80% of trips < 85% — its mean wait excludes the vehicles that waited longest,completed 82% of trips < 85% — its mean wait excludes the vehicles that waited longest,False
fixed,webster,30,71.8899,66.0614,75.6639,66.6131,64.447,68.8832,5.2768,-1.6395,10.0929,1.6995,0.099933,0.3103,False,-7.92,oversaturated,mean_wait_s,completed 80% of trips < 85% — its mean wait excludes the vehicles that waited longest,completed 83% of trips < 85% — its mean wait excludes the vehicles that waited longest,False
longest_queue,webster,30,70.4632,68.4882,72.4651,66.6131,64.447,68.8832,3.8501,1.0685,6.5471,2.6793,0.012029,0.4892,True,-5.78,oversaturated,mean_wait_s,completed 82% of trips < 85% — its mean wait excludes the vehicles that waited longest,completed 83% of trips < 85% — its mean wait excludes the vehicles that waited longest,False
fixed,longest_queue,30,11.921,11.8411,12.0057,6.2846,6.2013,6.3701,5.6364,5.5312,5.7394,103.632,0.0,18.9205,True,-89.69,light,mean_wait_s,,,True
fixed,webster,30,11.921,11.8411,12.0057,6.5908,6.5123,6.6701,5.3302,5.2122,5.4464,87.5539,0.0,15.9851,True,-80.87,light,mean_wait_s,,clamp rate 100% > 50% — the cycle formula never decided anything; this is a fixed cycle wearing Webster's name,False
longest_queue,webster,30,6.2846,6.2013,6.3701,6.5908,6.5123,6.6701,-0.3062,-0.4039,-0.2033,-5.9185,2e-06,-1.0806,True,4.65,light,mean_wait_s,,clamp rate 100% > 50% — the cycle formula never decided anything; this is a fixed cycle wearing Webster's name,False
