arrived_fraction,clamp_rate,max_wait_s,mean_queue,mean_wait_s,method,phase_switches,regime,seed,starvation_events,steps,throughput
0.9064,,275.0,21.486,25.914,fixed,33,saturated,0,0,1002,910
0.9243,,166.0,18.468,23.832,longest_queue,27,saturated,0,0,1038,928
0.9454,0.5,60.0,8.511,13.313,webster,71,saturated,0,0,775,953
0.9293,,187.0,18.284,24.349,fixed,33,saturated,1,0,1002,933
0.9273,,214.0,24.275,30.987,longest_queue,24,saturated,1,0,1056,931
0.9462,0.338,68.0,9.479,14.547,webster,70,saturated,1,0,780,950
0.9293,,261.0,20.978,27.94,fixed,33,saturated,2,0,1002,933
0.9097,,239.0,23.931,29.816,longest_queue,23,saturated,2,0,1063,917
0.9522,0.4028,48.0,8.422,13.128,webster,71,saturated,2,0,774,956
0.9363,,194.0,15.742,21.619,fixed,33,saturated,3,0,1002,940
0.9293,,213.0,17.465,23.546,longest_queue,26,saturated,3,0,1044,933
0.9464,0.4722,60.0,9.076,13.854,webster,71,saturated,3,0,780,954
0.9333,,183.0,19.97,26.915,fixed,33,saturated,4,0,1002,937
0.9034,,314.0,31.879,38.43,longest_queue,21,saturated,4,0,1074,907
0.9522,0.4225,59.0,8.84,13.95,webster,70,saturated,4,0,780,956
0.8984,,293.0,23.146,27.56,fixed,33,saturated,5,0,1002,902
0.9133,,230.0,19.777,25.141,longest_queue,25,saturated,5,0,1050,917
0.9422,0.2535,81.0,10.391,15.634,webster,70,saturated,5,0,780,946
0.9363,,155.0,16.751,23.188,fixed,33,saturated,6,0,1002,940
0.9094,,209.0,24.305,29.499,longest_queue,23,saturated,6,0,1062,913
0.1696,0.6957,40.0,257.062,9.353,webster,22,saturated,6,0,1068,68
0.9153,,238.0,19.898,25.415,fixed,33,saturated,7,0,1002,919
0.9213,,174.0,25.454,32.369,longest_queue,22,saturated,7,0,1068,925
0.9472,0.4507,48.0,8.718,13.442,webster,70,saturated,7,0,780,951
0.9183,,208.0,22.105,28.809,fixed,33,saturated,8,0,1002,922
0.9263,,204.0,20.115,26.246,longest_queue,24,saturated,8,0,1056,930
0.9492,0.3662,65.0,9.591,14.732,webster,70,saturated,8,0,780,953
0.9313,,204.0,22.878,31.092,fixed,33,saturated,9,0,1002,935
0.9373,,165.0,17.486,23.481,longest_queue,26,saturated,9,0,1044,941
0.9512,0.4861,58.0,8.265,13.045,webster,71,saturated,9,0,774,955
0.9392,,248.0,17.341,24.242,fixed,33,saturated,10,0,1002,943
0.9343,,172.0,17.475,23.518,longest_queue,26,saturated,10,0,1044,938
0.9454,0.25,61.0,9.325,14.534,webster,71,saturated,10,0,778,953
0.9382,,167.0,17.74,24.47,fixed,33,saturated,11,0,1002,942
0.8934,,296.0,26.041,31.323,longest_queue,23,saturated,11,0,1062,897
0.9472,0.3944,61.0,9.1,13.956,webster,70,saturated,11,0,780,951
0.9373,,196.0,15.74,21.983,fixed,33,saturated,12,0,1002,941
0.9283,,171.0,20.7,27.217,longest_queue,25,saturated,12,0,1050,932
0.9544,0.5417,45.0,7.793,12.503,webster,71,saturated,12,0,778,962
0.9054,,245.0,23.402,29.758,fixed,33,saturated,13,0,1002,909
0.9014,,211.0,22.201,26.859,longest_queue,24,saturated,13,0,1056,905
0.9464,0.6111,44.0,7.455,11.849,webster,71,saturated,13,0,780,954
0.9253,,217.0,20.228,27.436,fixed,33,saturated,14,0,1002,929
0.9183,,239.0,27.692,35.374,longest_queue,20,saturated,14,0,1080,922
0.9395,0.3333,53.0,9.485,14.342,webster,71,saturated,14,0,777,947
0.9313,,228.0,20.079,27.325,fixed,33,saturated,15,0,1002,935
0.9213,,184.0,20.828,26.675,longest_queue,26,saturated,15,0,1044,925
0.9442,0.3662,52.0,8.945,13.531,webster,70,saturated,15,0,780,948
0.9094,,232.0,26.133,34.256,fixed,33,saturated,16,0,1002,913
0.8984,,210.0,25.237,30.757,longest_queue,22,saturated,16,0,1068,902
0.9563,0.5278,44.0,8.006,12.463,webster,71,saturated,16,0,780,964
0.9323,,162.0,17.439,23.891,fixed,33,saturated,17,0,1002,936
0.9173,,238.0,24.558,31.191,longest_queue,23,saturated,17,0,1062,921
0.9524,0.2113,54.0,10.532,16.11,webster,70,saturated,17,0,785,960
0.9472,,140.0,14.193,20.102,fixed,33,saturated,18,0,1002,951
0.9333,,221.0,18.037,23.456,longest_queue,26,saturated,18,0,1044,937
0.9405,0.1831,67.0,11.068,16.687,webster,70,saturated,18,0,782,948
0.9273,,169.0,18.843,25.067,fixed,33,saturated,19,0,1002,931
0.9315,,155.0,17.57,23.312,longest_queue,26,saturated,19,0,1047,939
0.9454,0.2958,75.0,10.098,15.215,webster,70,saturated,19,0,783,953
0.9223,,209.0,25.992,34.557,fixed,33,saturated,20,0,1002,926
0.9243,,197.0,22.52,28.938,longest_queue,22,saturated,20,0,1068,928
0.9405,0.2917,71.0,10.148,15.238,webster,71,saturated,20,0,776,948
0.9233,,237.0,16.971,21.764,fixed,33,saturated,21,0,1002,927
0.9323,,228.0,22.276,28.012,longest_queue,24,saturated,21,0,1056,936
0.9484,0.7222,58.0,6.952,11.038,webster,71,saturated,21,0,777,956
0.8904,,306.0,26.776,31.304,fixed,33,saturated,22,0,1002,894
0.9163,,225.0,21.69,26.725,longest_queue,25,saturated,22,0,1050,920
0.9462,0.4366,51.0,8.91,13.693,webster,70,saturated,22,0,780,950
0.9203,,224.0,22.574,29.212,fixed,33,saturated,23,0,1002,924
0.9004,,223.0,28.139,33.228,longest_queue,25,saturated,23,0,1050,904
0.9343,0.3529,107.0,13.703,19.675,webster,67,saturated,23,0,798,938
0.9323,,230.0,15.436,20.785,fixed,33,saturated,24,0,1002,936
0.9183,,260.0,26.72,34.345,longest_queue,21,saturated,24,0,1074,922
0.9452,0.3099,64.0,9.605,14.543,webster,70,saturated,24,0,780,949
0.9402,,178.0,16.819,22.85,fixed,33,saturated,25,0,1002,944
0.9353,,126.0,16.888,23.127,longest_queue,25,saturated,25,0,1050,939
0.9335,0.3521,73.0,10.859,15.877,webster,70,saturated,25,0,786,941
0.9313,,194.0,21.056,28.332,fixed,33,saturated,26,0,1002,935
0.9343,,142.0,14.984,19.729,longest_queue,31,saturated,26,0,1014,938
0.9432,0.4648,47.0,8.278,12.859,webster,70,saturated,26,0,780,947
0.9432,,148.0,16.092,22.457,fixed,33,saturated,27,0,1002,947
0.9382,,155.0,15.822,21.59,longest_queue,29,saturated,27,0,1026,942
0.9554,0.4722,65.0,8.33,13.118,webster,71,saturated,27,0,779,963
0.9353,,181.0,19.75,26.847,fixed,33,saturated,28,0,1002,939
0.9313,,156.0,19.19,25.445,longest_queue,26,saturated,28,0,1044,935
0.9395,0.3056,54.0,9.466,14.377,webster,71,saturated,28,0,779,947
0.9273,,152.0,19.348,26.086,fixed,33,saturated,29,0,1002,931
0.9203,,220.0,26.926,34.102,longest_queue,24,saturated,29,0,1056,924
0.9452,0.3239,61.0,9.91,14.987,webster,70,saturated,29,0,780,949
