run,video,detector,conf,frame_index,time_s,count
"Incredible traffic Sound in Dhaka, Bangl|s14_yolov8s_joint_best","Incredible traffic Sound in Dhaka, Bangladesh। Rampura  [4K ASMR] #TheSoundofDhaka.mp4",s14_yolov8s_joint_best.pt,0.45,0,0,0
"Incredible traffic Sound in Dhaka, Bangl|s14_yolov8s_joint_best","Incredible traffic Sound in Dhaka, Bangladesh। Rampura  [4K ASMR] #TheSoundofDhaka.mp4",s14_yolov8s_joint_best.pt,0.45,1,5,18
"Incredible traffic Sound in Dhaka, Bangl|s14_yolov8s_joint_best","Incredible traffic Sound in Dhaka, Bangladesh। Rampura  [4K ASMR] #TheSoundofDhaka.mp4",s14_yolov8s_joint_best.pt,0.45,2,10,18
"Incredible traffic Sound in Dhaka, Bangl|s14_yolov8s_joint_best","Incredible traffic Sound in Dhaka, Bangladesh। Rampura  [4K ASMR] #TheSoundofDhaka.mp4",s14_yolov8s_joint_best.pt,0.45,3,15,13
"Incredible traffic Sound in Dhaka, Bangl|s14_yolov8s_joint_best","Incredible traffic Sound in Dhaka, Bangladesh। Rampura  [4K ASMR] #TheSoundofDhaka.mp4",s14_yolov8s_joint_best.pt,0.45,4,20,11
"Incredible traffic Sound in Dhaka, Bangl|s14_yolov8s_joint_best","Incredible traffic Sound in Dhaka, Bangladesh। Rampura  [4K ASMR] #TheSoundofDhaka.mp4",s14_yolov8s_joint_best.pt,0.45,5,25,18
"Incredible traffic Sound in Dhaka, Bangl|s14_yolov8s_joint_best","Incredible traffic Sound in Dhaka, Bangladesh। Rampura  [4K ASMR] #TheSoundofDhaka.mp4",s14_yolov8s_joint_best.pt,0.45,6,30,10
"Incredible traffic Sound in Dhaka, Bangl|s14_yolov8s_joint_best","Incredible traffic Sound in Dhaka, Bangladesh। Rampura  [4K ASMR] #TheSoundofDhaka.mp4",s14_yolov8s_joint_best.pt,0.45,7,35,10
"Incredible traffic Sound in Dhaka, Bangl|s14_yolov8s_joint_best","Incredible traffic Sound in Dhaka, Bangladesh। Rampura  [4K ASMR] #TheSoundofDhaka.mp4",s14_yolov8s_joint_best.pt,0.45,8,40,11
"Incredible traffic Sound in Dhaka, Bangl|s14_yolov8s_joint_best","Incredible traffic Sound in Dhaka, Bangladesh। Rampura  [4K ASMR] #TheSoundofDhaka.mp4",s14_yolov8s_joint_best.pt,0.45,9,45,18
"Incredible traffic Sound in Dhaka, Bangl|s14_yolov8s_joint_best","Incredible traffic Sound in Dhaka, Bangladesh। Rampura  [4K ASMR] #TheSoundofDhaka.mp4",s14_yolov8s_joint_best.pt,0.45,10,50,10
"Incredible traffic Sound in Dhaka, Bangl|s14_yolov8s_joint_best","Incredible traffic Sound in Dhaka, Bangladesh। Rampura  [4K ASMR] #TheSoundofDhaka.mp4",s14_yolov8s_joint_best.pt,0.45,11,55,13
"Incredible traffic Sound in Dhaka, Bangl|s14_yolov8s_joint_best","Incredible traffic Sound in Dhaka, Bangladesh। Rampura  [4K ASMR] #TheSoundofDhaka.mp4",s14_yolov8s_joint_best.pt,0.45,12,60,23
"Incredible traffic Sound in Dhaka, Bangl|s14_yolov8s_joint_best","Incredible traffic Sound in Dhaka, Bangladesh। Rampura  [4K ASMR] #TheSoundofDhaka.mp4",s14_yolov8s_joint_best.pt,0.45,13,65,21
"Incredible traffic Sound in Dhaka, Bangl|s14_yolov8s_joint_best","Incredible traffic Sound in Dhaka, Bangladesh। Rampura  [4K ASMR] #TheSoundofDhaka.mp4",s14_yolov8s_joint_best.pt,0.45,14,70,12
"Incredible traffic Sound in Dhaka, Bangl|s14_yolov8s_joint_best","Incredible traffic Sound in Dhaka, Bangladesh। Rampura  [4K ASMR] #TheSoundofDhaka.mp4",s14_yolov8s_joint_best.pt,0.45,15,75,11
"Incredible traffic Sound in Dhaka, Bangl|s14_yolov8s_joint_best","Incredible traffic Sound in Dhaka, Bangladesh। Rampura  [4K ASMR] #TheSoundofDhaka.mp4",s14_yolov8s_joint_best.pt,0.45,16,80,15
"Incredible traffic Sound in Dhaka, Bangl|s14_yolov8s_joint_best","Incredible traffic Sound in Dhaka, Bangladesh। Rampura  [4K ASMR] #TheSoundofDhaka.mp4",s14_yolov8s_joint_best.pt,0.45,17,85,7
"Incredible traffic Sound in Dhaka, Bangl|s14_yolov8s_joint_best","Incredible traffic Sound in Dhaka, Bangladesh। Rampura  [4K ASMR] #TheSoundofDhaka.mp4",s14_yolov8s_joint_best.pt,0.45,18,90,9
"Incredible traffic Sound in Dhaka, Bangl|s14_yolov8s_joint_best","Incredible traffic Sound in Dhaka, Bangladesh। Rampura  [4K ASMR] #TheSoundofDhaka.mp4",s14_yolov8s_joint_best.pt,0.45,19,95,14
"Incredible traffic Sound in Dhaka, Bangl|s14_yolov8s_joint_best","Incredible traffic Sound in Dhaka, Bangladesh। Rampura  [4K ASMR] #TheSoundofDhaka.mp4",s14_yolov8s_joint_best.pt,0.45,20,100,25
"Incredible traffic Sound in Dhaka, Bangl|s14_yolov8s_joint_best","Incredible traffic Sound in Dhaka, Bangladesh। Rampura  [4K ASMR] #TheSoundofDhaka.mp4",s14_yolov8s_joint_best.pt,0.45,21,105,20
"Incredible traffic Sound in Dhaka, Bangl|s14_yolov8s_joint_best","Incredible traffic Sound in Dhaka, Bangladesh। Rampura  [4K ASMR] #TheSoundofDhaka.mp4",s14_yolov8s_joint_best.pt,0.45,22,110,13
"Incredible traffic Sound in Dhaka, Bangl|s14_yolov8s_joint_best","Incredible traffic Sound in Dhaka, Bangladesh। Rampura  [4K ASMR] #TheSoundofDhaka.mp4",s14_yolov8s_joint_best.pt,0.45,23,115,15
"Incredible traffic Sound in Dhaka, Bangl|s14_yolov8s_joint_best","Incredible traffic Sound in Dhaka, Bangladesh। Rampura  [4K ASMR] #TheSoundofDhaka.mp4",s14_yolov8s_joint_best.pt,0.45,24,120,12
"Incredible traffic Sound in Dhaka, Bangl|s14_yolov8s_joint_best","Incredible traffic Sound in Dhaka, Bangladesh। Rampura  [4K ASMR] #TheSoundofDhaka.mp4",s14_yolov8s_joint_best.pt,0.45,25,125,14
"Incredible traffic Sound in Dhaka, Bangl|s14_yolov8s_joint_best","Incredible traffic Sound in Dhaka, Bangladesh। Rampura  [4K ASMR] #TheSoundofDhaka.mp4",s14_yolov8s_joint_best.pt,0.45,26,130,14
"Incredible traffic Sound in Dhaka, Bangl|s14_yolov8s_joint_best","Incredible traffic Sound in Dhaka, Bangladesh। Rampura  [4K ASMR] #TheSoundofDhaka.mp4",s14_yolov8s_joint_best.pt,0.45,27,135,14
"Incredible traffic Sound in Dhaka, Bangl|s14_yolov8s_joint_best","Incredible traffic Sound in Dhaka, Bangladesh। Rampura  [4K ASMR] #TheSoundofDhaka.mp4",s14_yolov8s_joint_best.pt,0.45,28,140,12
"Incredible traffic Sound in Dhaka, Bangl|s14_yolov8s_joint_best","Incredible traffic Sound in Dhaka, Bangladesh। Rampura  [4K ASMR] #TheSoundofDhaka.mp4",s14_yolov8s_joint_best.pt,0.45,29,145,12
"Incredible traffic Sound in Dhaka, Bangl|s14_yolov8s_joint_best","Incredible traffic Sound in Dhaka, Bangladesh। Rampura  [4K ASMR] #TheSoundofDhaka.mp4",s14_yolov8s_joint_best.pt,0.45,30,150,7
"Incredible traffic Sound in Dhaka, Bangl|s14_yolov8s_joint_best","Incredible traffic Sound in Dhaka, Bangladesh। Rampura  [4K ASMR] #TheSoundofDhaka.mp4",s14_yolov8s_joint_best.pt,0.45,31,155,9
"Incredible traffic Sound in Dhaka, Bangl|s14_yolov8s_joint_best","Incredible traffic Sound in Dhaka, Bangladesh। Rampura  [4K ASMR] #TheSoundofDhaka.mp4",s14_yolov8s_joint_best.pt,0.45,32,160,13
"Incredible traffic Sound in Dhaka, Bangl|s14_yolov8s_joint_best","Incredible traffic Sound in Dhaka, Bangladesh। Rampura  [4K ASMR] #TheSoundofDhaka.mp4",s14_yolov8s_joint_best.pt,0.45,33,165,11
"Incredible traffic Sound in Dhaka, Bangl|s14_yolov8s_joint_best","Incredible traffic Sound in Dhaka, Bangladesh। Rampura  [4K ASMR] #TheSoundofDhaka.mp4",s14_yolov8s_joint_best.pt,0.45,34,170,10
"Incredible traffic Sound in Dhaka, Bangl|s14_yolov8s_joint_best","Incredible traffic Sound in Dhaka, Bangladesh। Rampura  [4K ASMR] #TheSoundofDhaka.mp4",s14_yolov8s_joint_best.pt,0.45,35,175,18
"Incredible traffic Sound in Dhaka, Bangl|s14_yolov8s_joint_best","Incredible traffic Sound in Dhaka, Bangladesh। Rampura  [4K ASMR] #TheSoundofDhaka.mp4",s14_yolov8s_joint_best.pt,0.45,36,180,13
"Incredible traffic Sound in Dhaka, Bangl|s14_yolov8s_joint_best","Incredible traffic Sound in Dhaka, Bangladesh। Rampura  [4K ASMR] #TheSoundofDhaka.mp4",s14_yolov8s_joint_best.pt,0.45,37,185,14
"Incredible traffic Sound in Dhaka, Bangl|s14_yolov8s_joint_best","Incredible traffic Sound in Dhaka, Bangladesh। Rampura  [4K ASMR] #TheSoundofDhaka.mp4",s14_yolov8s_joint_best.pt,0.45,38,190,10
"Incredible traffic Sound in Dhaka, Bangl|s14_yolov8s_joint_best","Incredible traffic Sound in Dhaka, Bangladesh। Rampura  [4K ASMR] #TheSoundofDhaka.mp4",s14_yolov8s_joint_best.pt,0.45,39,195,17
"Incredible traffic Sound in Dhaka, Bangl|s14_yolov8s_joint_best","Incredible traffic Sound in Dhaka, Bangladesh। Rampura  [4K ASMR] #TheSoundofDhaka.mp4",s14_yolov8s_joint_best.pt,0.45,40,200,15
"Incredible traffic Sound in Dhaka, Bangl|s14_yolov8s_joint_best","Incredible traffic Sound in Dhaka, Bangladesh। Rampura  [4K ASMR] #TheSoundofDhaka.mp4",s14_yolov8s_joint_best.pt,0.45,41,205,15
"Incredible traffic Sound in Dhaka, Bangl|s14_yolov8s_joint_best","Incredible traffic Sound in Dhaka, Bangladesh। Rampura  [4K ASMR] #TheSoundofDhaka.mp4",s14_yolov8s_joint_best.pt,0.45,42,210,8
"Incredible traffic Sound in Dhaka, Bangl|s14_yolov8s_joint_best","Incredible traffic Sound in Dhaka, Bangladesh। Rampura  [4K ASMR] #TheSoundofDhaka.mp4",s14_yolov8s_joint_best.pt,0.45,43,215,20
"Incredible traffic Sound in Dhaka, Bangl|s14_yolov8s_joint_best","Incredible traffic Sound in Dhaka, Bangladesh। Rampura  [4K ASMR] #TheSoundofDhaka.mp4",s14_yolov8s_joint_best.pt,0.45,44,220,17
"Incredible traffic Sound in Dhaka, Bangl|s14_yolov8s_joint_best","Incredible traffic Sound in Dhaka, Bangladesh। Rampura  [4K ASMR] #TheSoundofDhaka.mp4",s14_yolov8s_joint_best.pt,0.45,45,225,15
"Incredible traffic Sound in Dhaka, Bangl|s14_yolov8s_joint_best","Incredible traffic Sound in Dhaka, Bangladesh। Rampura  [4K ASMR] #TheSoundofDhaka.mp4",s14_yolov8s_joint_best.pt,0.45,46,230,19
"Incredible traffic Sound in Dhaka, Bangl|s14_yolov8s_joint_best","Incredible traffic Sound in Dhaka, Bangladesh। Rampura  [4K ASMR] #TheSoundofDhaka.mp4",s14_yolov8s_joint_best.pt,0.45,47,235,26
"Incredible traffic Sound in Dhaka, Bangl|s14_yolov8s_joint_best","Incredible traffic Sound in Dhaka, Bangladesh। Rampura  [4K ASMR] #TheSoundofDhaka.mp4",s14_yolov8s_joint_best.pt,0.45,48,240,11
"Incredible traffic Sound in Dhaka, Bangl|s14_yolov8s_joint_best","Incredible traffic Sound in Dhaka, Bangladesh। Rampura  [4K ASMR] #TheSoundofDhaka.mp4",s14_yolov8s_joint_best.pt,0.45,49,245,9
"Incredible traffic Sound in Dhaka, Bangl|s14_yolov8s_joint_best","Incredible traffic Sound in Dhaka, Bangladesh। Rampura  [4K ASMR] #TheSoundofDhaka.mp4",s14_yolov8s_joint_best.pt,0.45,50,250,16
"Incredible traffic Sound in Dhaka, Bangl|s14_yolov8s_joint_best","Incredible traffic Sound in Dhaka, Bangladesh। Rampura  [4K ASMR] #TheSoundofDhaka.mp4",s14_yolov8s_joint_best.pt,0.45,51,255,14
"Incredible traffic Sound in Dhaka, Bangl|s14_yolov8s_joint_best","Incredible traffic Sound in Dhaka, Bangladesh। Rampura  [4K ASMR] #TheSoundofDhaka.mp4",s14_yolov8s_joint_best.pt,0.45,52,260,14
"Incredible traffic Sound in Dhaka, Bangl|s14_yolov8s_joint_best","Incredible traffic Sound in Dhaka, Bangladesh। Rampura  [4K ASMR] #TheSoundofDhaka.mp4",s14_yolov8s_joint_best.pt,0.45,53,265,17
"Incredible traffic Sound in Dhaka, Bangl|s14_yolov8s_joint_best","Incredible traffic Sound in Dhaka, Bangladesh। Rampura  [4K ASMR] #TheSoundofDhaka.mp4",s14_yolov8s_joint_best.pt,0.45,54,270,20
"Incredible traffic Sound in Dhaka, Bangl|s14_yolov8s_joint_best","Incredible traffic Sound in Dhaka, Bangladesh। Rampura  [4K ASMR] #TheSoundofDhaka.mp4",s14_yolov8s_joint_best.pt,0.45,55,275,12
"Incredible traffic Sound in Dhaka, Bangl|s14_yolov8s_joint_best","Incredible traffic Sound in Dhaka, Bangladesh। Rampura  [4K ASMR] #TheSoundofDhaka.mp4",s14_yolov8s_joint_best.pt,0.45,56,280,12
"Incredible traffic Sound in Dhaka, Bangl|s14_yolov8s_joint_best","Incredible traffic Sound in Dhaka, Bangladesh। Rampura  [4K ASMR] #TheSoundofDhaka.mp4",s14_yolov8s_joint_best.pt,0.45,57,285,12
"Incredible traffic Sound in Dhaka, Bangl|s14_yolov8s_joint_best","Incredible traffic Sound in Dhaka, Bangladesh। Rampura  [4K ASMR] #TheSoundofDhaka.mp4",s14_yolov8s_joint_best.pt,0.45,58,290,11
"Incredible traffic Sound in Dhaka, Bangl|s14_yolov8s_joint_best","Incredible traffic Sound in Dhaka, Bangladesh। Rampura  [4K ASMR] #TheSoundofDhaka.mp4",s14_yolov8s_joint_best.pt,0.45,59,295,11
"Incredible traffic Sound in Dhaka, Bangl|s14_yolov8s_joint_best","Incredible traffic Sound in Dhaka, Bangladesh। Rampura  [4K ASMR] #TheSoundofDhaka.mp4",s14_yolov8s_joint_best.pt,0.45,60,300,12
"Incredible traffic Sound in Dhaka, Bangl|s14_yolov8s_joint_best","Incredible traffic Sound in Dhaka, Bangladesh। Rampura  [4K ASMR] #TheSoundofDhaka.mp4",s14_yolov8s_joint_best.pt,0.45,61,305,11
"Incredible traffic Sound in Dhaka, Bangl|s14_yolov8s_joint_best","Incredible traffic Sound in Dhaka, Bangladesh। Rampura  [4K ASMR] #TheSoundofDhaka.mp4",s14_yolov8s_joint_best.pt,0.45,62,310,12
"Incredible traffic Sound in Dhaka, Bangl|s14_yolov8s_joint_best","Incredible traffic Sound in Dhaka, Bangladesh। Rampura  [4K ASMR] #TheSoundofDhaka.mp4",s14_yolov8s_joint_best.pt,0.45,63,315,9
"Incredible traffic Sound in Dhaka, Bangl|s14_yolov8s_joint_best","Incredible traffic Sound in Dhaka, Bangladesh। Rampura  [4K ASMR] #TheSoundofDhaka.mp4",s14_yolov8s_joint_best.pt,0.45,64,320,5
"Incredible traffic Sound in Dhaka, Bangl|s14_yolov8s_joint_best","Incredible traffic Sound in Dhaka, Bangladesh। Rampura  [4K ASMR] #TheSoundofDhaka.mp4",s14_yolov8s_joint_best.pt,0.45,65,325,16
"Incredible traffic Sound in Dhaka, Bangl|s14_yolov8s_joint_best","Incredible traffic Sound in Dhaka, Bangladesh। Rampura  [4K ASMR] #TheSoundofDhaka.mp4",s14_yolov8s_joint_best.pt,0.45,66,330,17
"Incredible traffic Sound in Dhaka, Bangl|s14_yolov8s_joint_best","Incredible traffic Sound in Dhaka, Bangladesh। Rampura  [4K ASMR] #TheSoundofDhaka.mp4",s14_yolov8s_joint_best.pt,0.45,67,335,10
"Incredible traffic Sound in Dhaka, Bangl|s14_yolov8s_joint_best","Incredible traffic Sound in Dhaka, Bangladesh। Rampura  [4K ASMR] #TheSoundofDhaka.mp4",s14_yolov8s_joint_best.pt,0.45,68,340,11
"Incredible traffic Sound in Dhaka, Bangl|s14_yolov8s_joint_best","Incredible traffic Sound in Dhaka, Bangladesh। Rampura  [4K ASMR] #TheSoundofDhaka.mp4",s14_yolov8s_joint_best.pt,0.45,69,345,12
"Incredible traffic Sound in Dhaka, Bangl|s14_yolov8s_joint_best","Incredible traffic Sound in Dhaka, Bangladesh। Rampura  [4K ASMR] #TheSoundofDhaka.mp4",s14_yolov8s_joint_best.pt,0.45,70,350,16
"Incredible traffic Sound in Dhaka, Bangl|s14_yolov8s_joint_best","Incredible traffic Sound in Dhaka, Bangladesh। Rampura  [4K ASMR] #TheSoundofDhaka.mp4",s14_yolov8s_joint_best.pt,0.45,71,355,18
"Incredible traffic Sound in Dhaka, Bangl|s14_yolov8s_joint_best","Incredible traffic Sound in Dhaka, Bangladesh। Rampura  [4K ASMR] #TheSoundofDhaka.mp4",s14_yolov8s_joint_best.pt,0.45,72,360,12
"Incredible traffic Sound in Dhaka, Bangl|s14_yolov8s_joint_best","Incredible traffic Sound in Dhaka, Bangladesh। Rampura  [4K ASMR] #TheSoundofDhaka.mp4",s14_yolov8s_joint_best.pt,0.45,73,365,12
"Incredible traffic Sound in Dhaka, Bangl|s14_yolov8s_joint_best","Incredible traffic Sound in Dhaka, Bangladesh। Rampura  [4K ASMR] #TheSoundofDhaka.mp4",s14_yolov8s_joint_best.pt,0.45,74,370,21
"Incredible traffic Sound in Dhaka, Bangl|s14_yolov8s_joint_best","Incredible traffic Sound in Dhaka, Bangladesh। Rampura  [4K ASMR] #TheSoundofDhaka.mp4",s14_yolov8s_joint_best.pt,0.45,75,375,21
"Incredible traffic Sound in Dhaka, Bangl|s14_yolov8s_joint_best","Incredible traffic Sound in Dhaka, Bangladesh। Rampura  [4K ASMR] #TheSoundofDhaka.mp4",s14_yolov8s_joint_best.pt,0.45,76,380,25
"Incredible traffic Sound in Dhaka, Bangl|s14_yolov8s_joint_best","Incredible traffic Sound in Dhaka, Bangladesh। Rampura  [4K ASMR] #TheSoundofDhaka.mp4",s14_yolov8s_joint_best.pt,0.45,77,385,23
"Incredible traffic Sound in Dhaka, Bangl|s14_yolov8s_joint_best","Incredible traffic Sound in Dhaka, Bangladesh। Rampura  [4K ASMR] #TheSoundofDhaka.mp4",s14_yolov8s_joint_best.pt,0.45,78,390,17
"Incredible traffic Sound in Dhaka, Bangl|s14_yolov8s_joint_best","Incredible traffic Sound in Dhaka, Bangladesh। Rampura  [4K ASMR] #TheSoundofDhaka.mp4",s14_yolov8s_joint_best.pt,0.45,79,395,22
"Incredible traffic Sound in Dhaka, Bangl|s14_yolov8s_joint_best","Incredible traffic Sound in Dhaka, Bangladesh। Rampura  [4K ASMR] #TheSoundofDhaka.mp4",s14_yolov8s_joint_best.pt,0.45,80,400,17
"Incredible traffic Sound in Dhaka, Bangl|s14_yolov8s_joint_best","Incredible traffic Sound in Dhaka, Bangladesh। Rampura  [4K ASMR] #TheSoundofDhaka.mp4",s14_yolov8s_joint_best.pt,0.45,81,405,12
"Incredible traffic Sound in Dhaka, Bangl|s14_yolov8s_joint_best","Incredible traffic Sound in Dhaka, Bangladesh। Rampura  [4K ASMR] #TheSoundofDhaka.mp4",s14_yolov8s_joint_best.pt,0.45,82,410,12
"Incredible traffic Sound in Dhaka, Bangl|s14_yolov8s_joint_best","Incredible traffic Sound in Dhaka, Bangladesh। Rampura  [4K ASMR] #TheSoundofDhaka.mp4",s14_yolov8s_joint_best.pt,0.45,83,415,18
"Incredible traffic Sound in Dhaka, Bangl|s14_yolov8s_joint_best","Incredible traffic Sound in Dhaka, Bangladesh। Rampura  [4K ASMR] #TheSoundofDhaka.mp4",s14_yolov8s_joint_best.pt,0.45,84,420,12
"Incredible traffic Sound in Dhaka, Bangl|s14_yolov8s_joint_best","Incredible traffic Sound in Dhaka, Bangladesh। Rampura  [4K ASMR] #TheSoundofDhaka.mp4",s14_yolov8s_joint_best.pt,0.45,85,425,14
"Incredible traffic Sound in Dhaka, Bangl|s14_yolov8s_joint_best","Incredible traffic Sound in Dhaka, Bangladesh। Rampura  [4K ASMR] #TheSoundofDhaka.mp4",s14_yolov8s_joint_best.pt,0.45,86,430,12
"Incredible traffic Sound in Dhaka, Bangl|s14_yolov8s_joint_best","Incredible traffic Sound in Dhaka, Bangladesh। Rampura  [4K ASMR] #TheSoundofDhaka.mp4",s14_yolov8s_joint_best.pt,0.45,87,435,7
"Incredible traffic Sound in Dhaka, Bangl|s14_yolov8s_joint_best","Incredible traffic Sound in Dhaka, Bangladesh। Rampura  [4K ASMR] #TheSoundofDhaka.mp4",s14_yolov8s_joint_best.pt,0.45,88,440,8
"Incredible traffic Sound in Dhaka, Bangl|s14_yolov8s_joint_best","Incredible traffic Sound in Dhaka, Bangladesh। Rampura  [4K ASMR] #TheSoundofDhaka.mp4",s14_yolov8s_joint_best.pt,0.45,89,445,15
"Incredible traffic Sound in Dhaka, Bangl|s14_yolov8s_joint_best","Incredible traffic Sound in Dhaka, Bangladesh। Rampura  [4K ASMR] #TheSoundofDhaka.mp4",s14_yolov8s_joint_best.pt,0.45,90,450,15
"Incredible traffic Sound in Dhaka, Bangl|s14_yolov8s_joint_best","Incredible traffic Sound in Dhaka, Bangladesh। Rampura  [4K ASMR] #TheSoundofDhaka.mp4",s14_yolov8s_joint_best.pt,0.45,91,455,16
"Incredible traffic Sound in Dhaka, Bangl|s14_yolov8s_joint_best","Incredible traffic Sound in Dhaka, Bangladesh। Rampura  [4K ASMR] #TheSoundofDhaka.mp4",s14_yolov8s_joint_best.pt,0.45,92,460,14
"Incredible traffic Sound in Dhaka, Bangl|s14_yolov8s_joint_best","Incredible traffic Sound in Dhaka, Bangladesh। Rampura  [4K ASMR] #TheSoundofDhaka.mp4",s14_yolov8s_joint_best.pt,0.45,93,465,14
"Incredible traffic Sound in Dhaka, Bangl|s14_yolov8s_joint_best","Incredible traffic Sound in Dhaka, Bangladesh। Rampura  [4K ASMR] #TheSoundofDhaka.mp4",s14_yolov8s_joint_best.pt,0.45,94,470,18
"Incredible traffic Sound in Dhaka, Bangl|s14_yolov8s_joint_best","Incredible traffic Sound in Dhaka, Bangladesh। Rampura  [4K ASMR] #TheSoundofDhaka.mp4",s14_yolov8s_joint_best.pt,0.45,95,475,21
"Incredible traffic Sound in Dhaka, Bangl|s14_yolov8s_joint_best","Incredible traffic Sound in Dhaka, Bangladesh। Rampura  [4K ASMR] #TheSoundofDhaka.mp4",s14_yolov8s_joint_best.pt,0.45,96,480,21
"Incredible traffic Sound in Dhaka, Bangl|s14_yolov8s_joint_best","Incredible traffic Sound in Dhaka, Bangladesh। Rampura  [4K ASMR] #TheSoundofDhaka.mp4",s14_yolov8s_joint_best.pt,0.45,97,485,12
"Incredible traffic Sound in Dhaka, Bangl|s14_yolov8s_joint_best","Incredible traffic Sound in Dhaka, Bangladesh। Rampura  [4K ASMR] #TheSoundofDhaka.mp4",s14_yolov8s_joint_best.pt,0.45,98,490,9
"Incredible traffic Sound in Dhaka, Bangl|s14_yolov8s_joint_best","Incredible traffic Sound in Dhaka, Bangladesh। Rampura  [4K ASMR] #TheSoundofDhaka.mp4",s14_yolov8s_joint_best.pt,0.45,99,495,15
"Incredible traffic Sound in Dhaka, Bangl|s14_yolov8s_joint_best","Incredible traffic Sound in Dhaka, Bangladesh। Rampura  [4K ASMR] #TheSoundofDhaka.mp4",s14_yolov8s_joint_best.pt,0.45,100,500,18
"Incredible traffic Sound in Dhaka, Bangl|s14_yolov8s_joint_best","Incredible traffic Sound in Dhaka, Bangladesh। Rampura  [4K ASMR] #TheSoundofDhaka.mp4",s14_yolov8s_joint_best.pt,0.45,101,505,19
"Incredible traffic Sound in Dhaka, Bangl|s14_yolov8s_joint_best","Incredible traffic Sound in Dhaka, Bangladesh। Rampura  [4K ASMR] #TheSoundofDhaka.mp4",s14_yolov8s_joint_best.pt,0.45,102,510,13
"Incredible traffic Sound in Dhaka, Bangl|s14_yolov8s_joint_best","Incredible traffic Sound in Dhaka, Bangladesh। Rampura  [4K ASMR] #TheSoundofDhaka.mp4",s14_yolov8s_joint_best.pt,0.45,103,515,11
"Incredible traffic Sound in Dhaka, Bangl|s14_yolov8s_joint_best","Incredible traffic Sound in Dhaka, Bangladesh। Rampura  [4K ASMR] #TheSoundofDhaka.mp4",s14_yolov8s_joint_best.pt,0.45,104,520,14
"Incredible traffic Sound in Dhaka, Bangl|s14_yolov8s_joint_best","Incredible traffic Sound in Dhaka, Bangladesh। Rampura  [4K ASMR] #TheSoundofDhaka.mp4",s14_yolov8s_joint_best.pt,0.45,105,525,14
"Incredible traffic Sound in Dhaka, Bangl|s14_yolov8s_joint_best","Incredible traffic Sound in Dhaka, Bangladesh। Rampura  [4K ASMR] #TheSoundofDhaka.mp4",s14_yolov8s_joint_best.pt,0.45,106,530,12
"Incredible traffic Sound in Dhaka, Bangl|s14_yolov8s_joint_best","Incredible traffic Sound in Dhaka, Bangladesh। Rampura  [4K ASMR] #TheSoundofDhaka.mp4",s14_yolov8s_joint_best.pt,0.45,107,535,16
"Incredible traffic Sound in Dhaka, Bangl|s14_yolov8s_joint_best","Incredible traffic Sound in Dhaka, Bangladesh। Rampura  [4K ASMR] #TheSoundofDhaka.mp4",s14_yolov8s_joint_best.pt,0.45,108,540,13
"Incredible traffic Sound in Dhaka, Bangl|s14_yolov8s_joint_best","Incredible traffic Sound in Dhaka, Bangladesh। Rampura  [4K ASMR] #TheSoundofDhaka.mp4",s14_yolov8s_joint_best.pt,0.45,109,545,9
"Incredible traffic Sound in Dhaka, Bangl|s14_yolov8s_joint_best","Incredible traffic Sound in Dhaka, Bangladesh। Rampura  [4K ASMR] #TheSoundofDhaka.mp4",s14_yolov8s_joint_best.pt,0.45,110,550,11
"Incredible traffic Sound in Dhaka, Bangl|s14_yolov8s_joint_best","Incredible traffic Sound in Dhaka, Bangladesh। Rampura  [4K ASMR] #TheSoundofDhaka.mp4",s14_yolov8s_joint_best.pt,0.45,111,555,3
"Incredible traffic Sound in Dhaka, Bangl|s14_yolov8s_joint_best","Incredible traffic Sound in Dhaka, Bangladesh। Rampura  [4K ASMR] #TheSoundofDhaka.mp4",s14_yolov8s_joint_best.pt,0.45,112,560,12
"Incredible traffic Sound in Dhaka, Bangl|s14_yolov8s_joint_best","Incredible traffic Sound in Dhaka, Bangladesh। Rampura  [4K ASMR] #TheSoundofDhaka.mp4",s14_yolov8s_joint_best.pt,0.45,113,565,13
"Incredible traffic Sound in Dhaka, Bangl|s14_yolov8s_joint_best","Incredible traffic Sound in Dhaka, Bangladesh। Rampura  [4K ASMR] #TheSoundofDhaka.mp4",s14_yolov8s_joint_best.pt,0.45,114,570,14
"Incredible traffic Sound in Dhaka, Bangl|s14_yolov8s_joint_best","Incredible traffic Sound in Dhaka, Bangladesh। Rampura  [4K ASMR] #TheSoundofDhaka.mp4",s14_yolov8s_joint_best.pt,0.45,115,575,9
"Incredible traffic Sound in Dhaka, Bangl|s14_yolov8s_joint_best","Incredible traffic Sound in Dhaka, Bangladesh। Rampura  [4K ASMR] #TheSoundofDhaka.mp4",s14_yolov8s_joint_best.pt,0.45,116,580,18
"Incredible traffic Sound in Dhaka, Bangl|s14_yolov8s_joint_best","Incredible traffic Sound in Dhaka, Bangladesh। Rampura  [4K ASMR] #TheSoundofDhaka.mp4",s14_yolov8s_joint_best.pt,0.45,117,585,13
"Incredible traffic Sound in Dhaka, Bangl|s14_yolov8s_joint_best","Incredible traffic Sound in Dhaka, Bangladesh। Rampura  [4K ASMR] #TheSoundofDhaka.mp4",s14_yolov8s_joint_best.pt,0.45,118,590,8
"Incredible traffic Sound in Dhaka, Bangl|s14_yolov8s_joint_best","Incredible traffic Sound in Dhaka, Bangladesh। Rampura  [4K ASMR] #TheSoundofDhaka.mp4",s14_yolov8s_joint_best.pt,0.45,119,595,4
"Incredible traffic Sound in Dhaka, Bangl|s14_yolov8s_joint_best","Incredible traffic Sound in Dhaka, Bangladesh। Rampura  [4K ASMR] #TheSoundofDhaka.mp4",s14_yolov8s_joint_best.pt,0.45,120,600,11
"Incredible traffic Sound in Dhaka, Bangl|s14_yolov8s_joint_best","Incredible traffic Sound in Dhaka, Bangladesh। Rampura  [4K ASMR] #TheSoundofDhaka.mp4",s14_yolov8s_joint_best.pt,0.45,121,605,6
"Incredible traffic Sound in Dhaka, Bangl|s14_yolov8s_joint_best","Incredible traffic Sound in Dhaka, Bangladesh। Rampura  [4K ASMR] #TheSoundofDhaka.mp4",s14_yolov8s_joint_best.pt,0.45,122,610,10
"Incredible traffic Sound in Dhaka, Bangl|s14_yolov8s_joint_best","Incredible traffic Sound in Dhaka, Bangladesh। Rampura  [4K ASMR] #TheSoundofDhaka.mp4",s14_yolov8s_joint_best.pt,0.45,123,615,10
"Incredible traffic Sound in Dhaka, Bangl|s14_yolov8s_joint_best","Incredible traffic Sound in Dhaka, Bangladesh। Rampura  [4K ASMR] #TheSoundofDhaka.mp4",s14_yolov8s_joint_best.pt,0.45,124,620,17
"Incredible traffic Sound in Dhaka, Bangl|s14_yolov8s_joint_best","Incredible traffic Sound in Dhaka, Bangladesh। Rampura  [4K ASMR] #TheSoundofDhaka.mp4",s14_yolov8s_joint_best.pt,0.45,125,625,14
"Incredible traffic Sound in Dhaka, Bangl|s14_yolov8s_joint_best","Incredible traffic Sound in Dhaka, Bangladesh। Rampura  [4K ASMR] #TheSoundofDhaka.mp4",s14_yolov8s_joint_best.pt,0.45,126,630,14
"Incredible traffic Sound in Dhaka, Bangl|s14_yolov8s_joint_best","Incredible traffic Sound in Dhaka, Bangladesh। Rampura  [4K ASMR] #TheSoundofDhaka.mp4",s14_yolov8s_joint_best.pt,0.45,127,635,12
"Incredible traffic Sound in Dhaka, Bangl|s14_yolov8s_joint_best","Incredible traffic Sound in Dhaka, Bangladesh। Rampura  [4K ASMR] #TheSoundofDhaka.mp4",s14_yolov8s_joint_best.pt,0.45,128,640,14
"Incredible traffic Sound in Dhaka, Bangl|s14_yolov8s_joint_best","Incredible traffic Sound in Dhaka, Bangladesh। Rampura  [4K ASMR] #TheSoundofDhaka.mp4",s14_yolov8s_joint_best.pt,0.45,129,645,22
"Incredible traffic Sound in Dhaka, Bangl|s14_yolov8s_joint_best","Incredible traffic Sound in Dhaka, Bangladesh। Rampura  [4K ASMR] #TheSoundofDhaka.mp4",s14_yolov8s_joint_best.pt,0.45,130,650,13
"Incredible traffic Sound in Dhaka, Bangl|s14_yolov8s_joint_best","Incredible traffic Sound in Dhaka, Bangladesh। Rampura  [4K ASMR] #TheSoundofDhaka.mp4",s14_yolov8s_joint_best.pt,0.45,131,655,14
"Incredible traffic Sound in Dhaka, Bangl|s14_yolov8s_joint_best","Incredible traffic Sound in Dhaka, Bangladesh। Rampura  [4K ASMR] #TheSoundofDhaka.mp4",s14_yolov8s_joint_best.pt,0.45,132,660,19
"Incredible traffic Sound in Dhaka, Bangl|s14_yolov8s_joint_best","Incredible traffic Sound in Dhaka, Bangladesh। Rampura  [4K ASMR] #TheSoundofDhaka.mp4",s14_yolov8s_joint_best.pt,0.45,133,665,10
"Incredible traffic Sound in Dhaka, Bangl|s14_yolov8s_joint_best","Incredible traffic Sound in Dhaka, Bangladesh। Rampura  [4K ASMR] #TheSoundofDhaka.mp4",s14_yolov8s_joint_best.pt,0.45,134,670,11
"Incredible traffic Sound in Dhaka, Bangl|s14_yolov8s_joint_best","Incredible traffic Sound in Dhaka, Bangladesh। Rampura  [4K ASMR] #TheSoundofDhaka.mp4",s14_yolov8s_joint_best.pt,0.45,135,675,10
"Incredible traffic Sound in Dhaka, Bangl|s14_yolov8s_joint_best","Incredible traffic Sound in Dhaka, Bangladesh। Rampura  [4K ASMR] #TheSoundofDhaka.mp4",s14_yolov8s_joint_best.pt,0.45,136,680,14
"Incredible traffic Sound in Dhaka, Bangl|s14_yolov8s_joint_best","Incredible traffic Sound in Dhaka, Bangladesh। Rampura  [4K ASMR] #TheSoundofDhaka.mp4",s14_yolov8s_joint_best.pt,0.45,137,685,13
"Incredible traffic Sound in Dhaka, Bangl|s14_yolov8s_joint_best","Incredible traffic Sound in Dhaka, Bangladesh। Rampura  [4K ASMR] #TheSoundofDhaka.mp4",s14_yolov8s_joint_best.pt,0.45,138,690,21
"Incredible traffic Sound in Dhaka, Bangl|s14_yolov8s_joint_best","Incredible traffic Sound in Dhaka, Bangladesh। Rampura  [4K ASMR] #TheSoundofDhaka.mp4",s14_yolov8s_joint_best.pt,0.45,139,695,14
"Incredible traffic Sound in Dhaka, Bangl|s14_yolov8s_joint_best","Incredible traffic Sound in Dhaka, Bangladesh। Rampura  [4K ASMR] #TheSoundofDhaka.mp4",s14_yolov8s_joint_best.pt,0.45,140,700,10
"Incredible traffic Sound in Dhaka, Bangl|s14_yolov8s_joint_best","Incredible traffic Sound in Dhaka, Bangladesh। Rampura  [4K ASMR] #TheSoundofDhaka.mp4",s14_yolov8s_joint_best.pt,0.45,141,705,11
"Incredible traffic Sound in Dhaka, Bangl|s14_yolov8s_joint_best","Incredible traffic Sound in Dhaka, Bangladesh। Rampura  [4K ASMR] #TheSoundofDhaka.mp4",s14_yolov8s_joint_best.pt,0.45,142,710,14
"Incredible traffic Sound in Dhaka, Bangl|s14_yolov8s_joint_best","Incredible traffic Sound in Dhaka, Bangladesh। Rampura  [4K ASMR] #TheSoundofDhaka.mp4",s14_yolov8s_joint_best.pt,0.45,143,715,14
"Incredible traffic Sound in Dhaka, Bangl|s14_yolov8s_joint_best","Incredible traffic Sound in Dhaka, Bangladesh। Rampura  [4K ASMR] #TheSoundofDhaka.mp4",s14_yolov8s_joint_best.pt,0.45,144,720,18
"Incredible traffic Sound in Dhaka, Bangl|s14_yolov8s_joint_best","Incredible traffic Sound in Dhaka, Bangladesh। Rampura  [4K ASMR] #TheSoundofDhaka.mp4",s14_yolov8s_joint_best.pt,0.45,145,725,13
"Incredible traffic Sound in Dhaka, Bangl|s14_yolov8s_joint_best","Incredible traffic Sound in Dhaka, Bangladesh। Rampura  [4K ASMR] #TheSoundofDhaka.mp4",s14_yolov8s_joint_best.pt,0.45,146,730,18
"Incredible traffic Sound in Dhaka, Bangl|s14_yolov8s_joint_best","Incredible traffic Sound in Dhaka, Bangladesh। Rampura  [4K ASMR] #TheSoundofDhaka.mp4",s14_yolov8s_joint_best.pt,0.45,147,735,19
"Incredible traffic Sound in Dhaka, Bangl|s14_yolov8s_joint_best","Incredible traffic Sound in Dhaka, Bangladesh। Rampura  [4K ASMR] #TheSoundofDhaka.mp4",s14_yolov8s_joint_best.pt,0.45,148,740,16
"Incredible traffic Sound in Dhaka, Bangl|s14_yolov8s_joint_best","Incredible traffic Sound in Dhaka, Bangladesh। Rampura  [4K ASMR] #TheSoundofDhaka.mp4",s14_yolov8s_joint_best.pt,0.45,149,745,12
"Incredible traffic Sound in Dhaka, Bangl|s14_yolov8s_joint_best","Incredible traffic Sound in Dhaka, Bangladesh। Rampura  [4K ASMR] #TheSoundofDhaka.mp4",s14_yolov8s_joint_best.pt,0.45,150,750,14
"Incredible traffic Sound in Dhaka, Bangl|s14_yolov8s_joint_best","Incredible traffic Sound in Dhaka, Bangladesh। Rampura  [4K ASMR] #TheSoundofDhaka.mp4",s14_yolov8s_joint_best.pt,0.45,151,755,19
"Incredible traffic Sound in Dhaka, Bangl|s14_yolov8s_joint_best","Incredible traffic Sound in Dhaka, Bangladesh। Rampura  [4K ASMR] #TheSoundofDhaka.mp4",s14_yolov8s_joint_best.pt,0.45,152,760,13
"Incredible traffic Sound in Dhaka, Bangl|s14_yolov8s_joint_best","Incredible traffic Sound in Dhaka, Bangladesh। Rampura  [4K ASMR] #TheSoundofDhaka.mp4",s14_yolov8s_joint_best.pt,0.45,153,765,14
"Incredible traffic Sound in Dhaka, Bangl|s14_yolov8s_joint_best","Incredible traffic Sound in Dhaka, Bangladesh। Rampura  [4K ASMR] #TheSoundofDhaka.mp4",s14_yolov8s_joint_best.pt,0.45,154,770,9
"Incredible traffic Sound in Dhaka, Bangl|s14_yolov8s_joint_best","Incredible traffic Sound in Dhaka, Bangladesh। Rampura  [4K ASMR] #TheSoundofDhaka.mp4",s14_yolov8s_joint_best.pt,0.45,155,775,16
"Incredible traffic Sound in Dhaka, Bangl|s14_yolov8s_joint_best","Incredible traffic Sound in Dhaka, Bangladesh। Rampura  [4K ASMR] #TheSoundofDhaka.mp4",s14_yolov8s_joint_best.pt,0.45,156,780,13
"Incredible traffic Sound in Dhaka, Bangl|s14_yolov8s_joint_best","Incredible traffic Sound in Dhaka, Bangladesh। Rampura  [4K ASMR] #TheSoundofDhaka.mp4",s14_yolov8s_joint_best.pt,0.45,157,785,12
"Incredible traffic Sound in Dhaka, Bangl|s14_yolov8s_joint_best","Incredible traffic Sound in Dhaka, Bangladesh। Rampura  [4K ASMR] #TheSoundofDhaka.mp4",s14_yolov8s_joint_best.pt,0.45,158,790,9
"Incredible traffic Sound in Dhaka, Bangl|s14_yolov8s_joint_best","Incredible traffic Sound in Dhaka, Bangladesh। Rampura  [4K ASMR] #TheSoundofDhaka.mp4",s14_yolov8s_joint_best.pt,0.45,159,795,9
"Incredible traffic Sound in Dhaka, Bangl|s14_yolov8s_joint_best","Incredible traffic Sound in Dhaka, Bangladesh। Rampura  [4K ASMR] #TheSoundofDhaka.mp4",s14_yolov8s_joint_best.pt,0.45,160,800,13
"Incredible traffic Sound in Dhaka, Bangl|s14_yolov8s_joint_best","Incredible traffic Sound in Dhaka, Bangladesh। Rampura  [4K ASMR] #TheSoundofDhaka.mp4",s14_yolov8s_joint_best.pt,0.45,161,805,17
"Incredible traffic Sound in Dhaka, Bangl|s14_yolov8s_joint_best","Incredible traffic Sound in Dhaka, Bangladesh। Rampura  [4K ASMR] #TheSoundofDhaka.mp4",s14_yolov8s_joint_best.pt,0.45,162,810,11
"Incredible traffic Sound in Dhaka, Bangl|s14_yolov8s_joint_best","Incredible traffic Sound in Dhaka, Bangladesh। Rampura  [4K ASMR] #TheSoundofDhaka.mp4",s14_yolov8s_joint_best.pt,0.45,163,815,13
"Incredible traffic Sound in Dhaka, Bangl|s14_yolov8s_joint_best","Incredible traffic Sound in Dhaka, Bangladesh। Rampura  [4K ASMR] #TheSoundofDhaka.mp4",s14_yolov8s_joint_best.pt,0.45,164,820,12
"Incredible traffic Sound in Dhaka, Bangl|s14_yolov8s_joint_best","Incredible traffic Sound in Dhaka, Bangladesh। Rampura  [4K ASMR] #TheSoundofDhaka.mp4",s14_yolov8s_joint_best.pt,0.45,165,825,19
"Incredible traffic Sound in Dhaka, Bangl|s14_yolov8s_joint_best","Incredible traffic Sound in Dhaka, Bangladesh। Rampura  [4K ASMR] #TheSoundofDhaka.mp4",s14_yolov8s_joint_best.pt,0.45,166,830,18
"Incredible traffic Sound in Dhaka, Bangl|s14_yolov8s_joint_best","Incredible traffic Sound in Dhaka, Bangladesh। Rampura  [4K ASMR] #TheSoundofDhaka.mp4",s14_yolov8s_joint_best.pt,0.45,167,835,20
"Incredible traffic Sound in Dhaka, Bangl|s14_yolov8s_joint_best","Incredible traffic Sound in Dhaka, Bangladesh। Rampura  [4K ASMR] #TheSoundofDhaka.mp4",s14_yolov8s_joint_best.pt,0.45,168,840,19
"Incredible traffic Sound in Dhaka, Bangl|s14_yolov8s_joint_best","Incredible traffic Sound in Dhaka, Bangladesh। Rampura  [4K ASMR] #TheSoundofDhaka.mp4",s14_yolov8s_joint_best.pt,0.45,169,845,14
"Incredible traffic Sound in Dhaka, Bangl|s14_yolov8s_joint_best","Incredible traffic Sound in Dhaka, Bangladesh। Rampura  [4K ASMR] #TheSoundofDhaka.mp4",s14_yolov8s_joint_best.pt,0.45,170,850,10
"Incredible traffic Sound in Dhaka, Bangl|s14_yolov8s_joint_best","Incredible traffic Sound in Dhaka, Bangladesh। Rampura  [4K ASMR] #TheSoundofDhaka.mp4",s14_yolov8s_joint_best.pt,0.45,171,855,14
"Incredible traffic Sound in Dhaka, Bangl|s14_yolov8s_joint_best","Incredible traffic Sound in Dhaka, Bangladesh। Rampura  [4K ASMR] #TheSoundofDhaka.mp4",s14_yolov8s_joint_best.pt,0.45,172,860,9
"Incredible traffic Sound in Dhaka, Bangl|s14_yolov8s_joint_best","Incredible traffic Sound in Dhaka, Bangladesh। Rampura  [4K ASMR] #TheSoundofDhaka.mp4",s14_yolov8s_joint_best.pt,0.45,173,865,8
"Incredible traffic Sound in Dhaka, Bangl|s14_yolov8s_joint_best","Incredible traffic Sound in Dhaka, Bangladesh। Rampura  [4K ASMR] #TheSoundofDhaka.mp4",s14_yolov8s_joint_best.pt,0.45,174,870,14
"Incredible traffic Sound in Dhaka, Bangl|s14_yolov8s_joint_best","Incredible traffic Sound in Dhaka, Bangladesh। Rampura  [4K ASMR] #TheSoundofDhaka.mp4",s14_yolov8s_joint_best.pt,0.45,175,875,17
"Incredible traffic Sound in Dhaka, Bangl|s14_yolov8s_joint_best","Incredible traffic Sound in Dhaka, Bangladesh। Rampura  [4K ASMR] #TheSoundofDhaka.mp4",s14_yolov8s_joint_best.pt,0.45,176,880,16
"Incredible traffic Sound in Dhaka, Bangl|s14_yolov8s_joint_best","Incredible traffic Sound in Dhaka, Bangladesh। Rampura  [4K ASMR] #TheSoundofDhaka.mp4",s14_yolov8s_joint_best.pt,0.45,177,885,14
"Incredible traffic Sound in Dhaka, Bangl|s14_yolov8s_joint_best","Incredible traffic Sound in Dhaka, Bangladesh। Rampura  [4K ASMR] #TheSoundofDhaka.mp4",s14_yolov8s_joint_best.pt,0.45,178,890,9
"Incredible traffic Sound in Dhaka, Bangl|s14_yolov8s_joint_best","Incredible traffic Sound in Dhaka, Bangladesh। Rampura  [4K ASMR] #TheSoundofDhaka.mp4",s14_yolov8s_joint_best.pt,0.45,179,895,11
"Incredible traffic Sound in Dhaka, Bangl|s14_yolov8s_joint_best","Incredible traffic Sound in Dhaka, Bangladesh। Rampura  [4K ASMR] #TheSoundofDhaka.mp4",s14_yolov8s_joint_best.pt,0.45,180,900,11
"Incredible traffic Sound in Dhaka, Bangl|s14_yolov8s_joint_best","Incredible traffic Sound in Dhaka, Bangladesh। Rampura  [4K ASMR] #TheSoundofDhaka.mp4",s14_yolov8s_joint_best.pt,0.45,181,905,6
"Incredible traffic Sound in Dhaka, Bangl|s14_yolov8s_joint_best","Incredible traffic Sound in Dhaka, Bangladesh। Rampura  [4K ASMR] #TheSoundofDhaka.mp4",s14_yolov8s_joint_best.pt,0.45,182,910,17
"Incredible traffic Sound in Dhaka, Bangl|s14_yolov8s_joint_best","Incredible traffic Sound in Dhaka, Bangladesh। Rampura  [4K ASMR] #TheSoundofDhaka.mp4",s14_yolov8s_joint_best.pt,0.45,183,915,20
"Incredible traffic Sound in Dhaka, Bangl|s14_yolov8s_joint_best","Incredible traffic Sound in Dhaka, Bangladesh। Rampura  [4K ASMR] #TheSoundofDhaka.mp4",s14_yolov8s_joint_best.pt,0.45,184,920,16
"Incredible traffic Sound in Dhaka, Bangl|s14_yolov8s_joint_best","Incredible traffic Sound in Dhaka, Bangladesh। Rampura  [4K ASMR] #TheSoundofDhaka.mp4",s14_yolov8s_joint_best.pt,0.45,185,925,9
"Incredible traffic Sound in Dhaka, Bangl|s14_yolov8s_joint_best","Incredible traffic Sound in Dhaka, Bangladesh। Rampura  [4K ASMR] #TheSoundofDhaka.mp4",s14_yolov8s_joint_best.pt,0.45,186,930,15
"Incredible traffic Sound in Dhaka, Bangl|s14_yolov8s_joint_best","Incredible traffic Sound in Dhaka, Bangladesh। Rampura  [4K ASMR] #TheSoundofDhaka.mp4",s14_yolov8s_joint_best.pt,0.45,187,935,15
"Incredible traffic Sound in Dhaka, Bangl|s14_yolov8s_joint_best","Incredible traffic Sound in Dhaka, Bangladesh। Rampura  [4K ASMR] #TheSoundofDhaka.mp4",s14_yolov8s_joint_best.pt,0.45,188,940,13
"Incredible traffic Sound in Dhaka, Bangl|s14_yolov8s_joint_best","Incredible traffic Sound in Dhaka, Bangladesh। Rampura  [4K ASMR] #TheSoundofDhaka.mp4",s14_yolov8s_joint_best.pt,0.45,189,945,15
"Incredible traffic Sound in Dhaka, Bangl|s14_yolov8s_joint_best","Incredible traffic Sound in Dhaka, Bangladesh। Rampura  [4K ASMR] #TheSoundofDhaka.mp4",s14_yolov8s_joint_best.pt,0.45,190,950,12
"Incredible traffic Sound in Dhaka, Bangl|s14_yolov8s_joint_best","Incredible traffic Sound in Dhaka, Bangladesh। Rampura  [4K ASMR] #TheSoundofDhaka.mp4",s14_yolov8s_joint_best.pt,0.45,191,955,13
"Incredible traffic Sound in Dhaka, Bangl|s14_yolov8s_joint_best","Incredible traffic Sound in Dhaka, Bangladesh। Rampura  [4K ASMR] #TheSoundofDhaka.mp4",s14_yolov8s_joint_best.pt,0.45,192,960,18
"Incredible traffic Sound in Dhaka, Bangl|s14_yolov8s_joint_best","Incredible traffic Sound in Dhaka, Bangladesh। Rampura  [4K ASMR] #TheSoundofDhaka.mp4",s14_yolov8s_joint_best.pt,0.45,193,965,12
"Incredible traffic Sound in Dhaka, Bangl|s14_yolov8s_joint_best","Incredible traffic Sound in Dhaka, Bangladesh। Rampura  [4K ASMR] #TheSoundofDhaka.mp4",s14_yolov8s_joint_best.pt,0.45,194,970,14
"Incredible traffic Sound in Dhaka, Bangl|s14_yolov8s_joint_best","Incredible traffic Sound in Dhaka, Bangladesh। Rampura  [4K ASMR] #TheSoundofDhaka.mp4",s14_yolov8s_joint_best.pt,0.45,195,975,9
"Incredible traffic Sound in Dhaka, Bangl|s14_yolov8s_joint_best","Incredible traffic Sound in Dhaka, Bangladesh। Rampura  [4K ASMR] #TheSoundofDhaka.mp4",s14_yolov8s_joint_best.pt,0.45,196,980,13
"Incredible traffic Sound in Dhaka, Bangl|s14_yolov8s_joint_best","Incredible traffic Sound in Dhaka, Bangladesh। Rampura  [4K ASMR] #TheSoundofDhaka.mp4",s14_yolov8s_joint_best.pt,0.45,197,985,8
"Incredible traffic Sound in Dhaka, Bangl|s14_yolov8s_joint_best","Incredible traffic Sound in Dhaka, Bangladesh। Rampura  [4K ASMR] #TheSoundofDhaka.mp4",s14_yolov8s_joint_best.pt,0.45,198,990,6
"Incredible traffic Sound in Dhaka, Bangl|s14_yolov8s_joint_best","Incredible traffic Sound in Dhaka, Bangladesh। Rampura  [4K ASMR] #TheSoundofDhaka.mp4",s14_yolov8s_joint_best.pt,0.45,199,995,8
"Incredible traffic Sound in Dhaka, Bangl|s14_yolov8s_joint_best","Incredible traffic Sound in Dhaka, Bangladesh। Rampura  [4K ASMR] #TheSoundofDhaka.mp4",s14_yolov8s_joint_best.pt,0.45,200,1000,11
"Incredible traffic Sound in Dhaka, Bangl|s14_yolov8s_joint_best","Incredible traffic Sound in Dhaka, Bangladesh। Rampura  [4K ASMR] #TheSoundofDhaka.mp4",s14_yolov8s_joint_best.pt,0.45,201,1005,13
"Incredible traffic Sound in Dhaka, Bangl|s14_yolov8s_joint_best","Incredible traffic Sound in Dhaka, Bangladesh। Rampura  [4K ASMR] #TheSoundofDhaka.mp4",s14_yolov8s_joint_best.pt,0.45,202,1010,10
"Incredible traffic Sound in Dhaka, Bangl|s14_yolov8s_joint_best","Incredible traffic Sound in Dhaka, Bangladesh। Rampura  [4K ASMR] #TheSoundofDhaka.mp4",s14_yolov8s_joint_best.pt,0.45,203,1015,12
"Incredible traffic Sound in Dhaka, Bangl|s14_yolov8s_joint_best","Incredible traffic Sound in Dhaka, Bangladesh। Rampura  [4K ASMR] #TheSoundofDhaka.mp4",s14_yolov8s_joint_best.pt,0.45,204,1020,14
"Incredible traffic Sound in Dhaka, Bangl|s14_yolov8s_joint_best","Incredible traffic Sound in Dhaka, Bangladesh। Rampura  [4K ASMR] #TheSoundofDhaka.mp4",s14_yolov8s_joint_best.pt,0.45,205,1025,13
"Incredible traffic Sound in Dhaka, Bangl|s14_yolov8s_joint_best","Incredible traffic Sound in Dhaka, Bangladesh। Rampura  [4K ASMR] #TheSoundofDhaka.mp4",s14_yolov8s_joint_best.pt,0.45,206,1030,10
"Incredible traffic Sound in Dhaka, Bangl|s14_yolov8s_joint_best","Incredible traffic Sound in Dhaka, Bangladesh। Rampura  [4K ASMR] #TheSoundofDhaka.mp4",s14_yolov8s_joint_best.pt,0.45,207,1035,10
"Incredible traffic Sound in Dhaka, Bangl|s14_yolov8s_joint_best","Incredible traffic Sound in Dhaka, Bangladesh। Rampura  [4K ASMR] #TheSoundofDhaka.mp4",s14_yolov8s_joint_best.pt,0.45,208,1040,8
"Incredible traffic Sound in Dhaka, Bangl|s14_yolov8s_joint_best","Incredible traffic Sound in Dhaka, Bangladesh। Rampura  [4K ASMR] #TheSoundofDhaka.mp4",s14_yolov8s_joint_best.pt,0.45,209,1045,13
"Incredible traffic Sound in Dhaka, Bangl|s14_yolov8s_joint_best","Incredible traffic Sound in Dhaka, Bangladesh। Rampura  [4K ASMR] #TheSoundofDhaka.mp4",s14_yolov8s_joint_best.pt,0.45,210,1050,18
"Incredible traffic Sound in Dhaka, Bangl|s14_yolov8s_joint_best","Incredible traffic Sound in Dhaka, Bangladesh। Rampura  [4K ASMR] #TheSoundofDhaka.mp4",s14_yolov8s_joint_best.pt,0.45,211,1055,15
"Incredible traffic Sound in Dhaka, Bangl|s14_yolov8s_joint_best","Incredible traffic Sound in Dhaka, Bangladesh। Rampura  [4K ASMR] #TheSoundofDhaka.mp4",s14_yolov8s_joint_best.pt,0.45,212,1060,9
"Incredible traffic Sound in Dhaka, Bangl|s14_yolov8s_joint_best","Incredible traffic Sound in Dhaka, Bangladesh। Rampura  [4K ASMR] #TheSoundofDhaka.mp4",s14_yolov8s_joint_best.pt,0.45,213,1065,11
"Incredible traffic Sound in Dhaka, Bangl|s14_yolov8s_joint_best","Incredible traffic Sound in Dhaka, Bangladesh। Rampura  [4K ASMR] #TheSoundofDhaka.mp4",s14_yolov8s_joint_best.pt,0.45,214,1070,12
"Incredible traffic Sound in Dhaka, Bangl|s14_yolov8s_joint_best","Incredible traffic Sound in Dhaka, Bangladesh। Rampura  [4K ASMR] #TheSoundofDhaka.mp4",s14_yolov8s_joint_best.pt,0.45,215,1075,15
"Incredible traffic Sound in Dhaka, Bangl|s14_yolov8s_joint_best","Incredible traffic Sound in Dhaka, Bangladesh। Rampura  [4K ASMR] #TheSoundofDhaka.mp4",s14_yolov8s_joint_best.pt,0.45,216,1080,14
"Incredible traffic Sound in Dhaka, Bangl|s14_yolov8s_joint_best","Incredible traffic Sound in Dhaka, Bangladesh। Rampura  [4K ASMR] #TheSoundofDhaka.mp4",s14_yolov8s_joint_best.pt,0.45,217,1085,9
"Incredible traffic Sound in Dhaka, Bangl|s14_yolov8s_joint_best","Incredible traffic Sound in Dhaka, Bangladesh। Rampura  [4K ASMR] #TheSoundofDhaka.mp4",s14_yolov8s_joint_best.pt,0.45,218,1090,7
"Incredible traffic Sound in Dhaka, Bangl|s14_yolov8s_joint_best","Incredible traffic Sound in Dhaka, Bangladesh। Rampura  [4K ASMR] #TheSoundofDhaka.mp4",s14_yolov8s_joint_best.pt,0.45,219,1095,11
"Incredible traffic Sound in Dhaka, Bangl|s14_yolov8s_joint_best","Incredible traffic Sound in Dhaka, Bangladesh। Rampura  [4K ASMR] #TheSoundofDhaka.mp4",s14_yolov8s_joint_best.pt,0.45,220,1100,11
"Incredible traffic Sound in Dhaka, Bangl|s14_yolov8s_joint_best","Incredible traffic Sound in Dhaka, Bangladesh। Rampura  [4K ASMR] #TheSoundofDhaka.mp4",s14_yolov8s_joint_best.pt,0.45,221,1105,5
"Incredible traffic Sound in Dhaka, Bangl|s14_yolov8s_joint_best","Incredible traffic Sound in Dhaka, Bangladesh। Rampura  [4K ASMR] #TheSoundofDhaka.mp4",s14_yolov8s_joint_best.pt,0.45,222,1110,7
"Incredible traffic Sound in Dhaka, Bangl|s14_yolov8s_joint_best","Incredible traffic Sound in Dhaka, Bangladesh। Rampura  [4K ASMR] #TheSoundofDhaka.mp4",s14_yolov8s_joint_best.pt,0.45,223,1115,8
"Incredible traffic Sound in Dhaka, Bangl|s14_yolov8s_joint_best","Incredible traffic Sound in Dhaka, Bangladesh। Rampura  [4K ASMR] #TheSoundofDhaka.mp4",s14_yolov8s_joint_best.pt,0.45,224,1120,13
"Incredible traffic Sound in Dhaka, Bangl|s14_yolov8s_joint_best","Incredible traffic Sound in Dhaka, Bangladesh। Rampura  [4K ASMR] #TheSoundofDhaka.mp4",s14_yolov8s_joint_best.pt,0.45,225,1125,9
"Incredible traffic Sound in Dhaka, Bangl|s14_yolov8s_joint_best","Incredible traffic Sound in Dhaka, Bangladesh। Rampura  [4K ASMR] #TheSoundofDhaka.mp4",s14_yolov8s_joint_best.pt,0.45,226,1130,9
"Incredible traffic Sound in Dhaka, Bangl|s14_yolov8s_joint_best","Incredible traffic Sound in Dhaka, Bangladesh। Rampura  [4K ASMR] #TheSoundofDhaka.mp4",s14_yolov8s_joint_best.pt,0.45,227,1135,9
"Incredible traffic Sound in Dhaka, Bangl|s14_yolov8s_joint_best","Incredible traffic Sound in Dhaka, Bangladesh। Rampura  [4K ASMR] #TheSoundofDhaka.mp4",s14_yolov8s_joint_best.pt,0.45,228,1140,9
"Incredible traffic Sound in Dhaka, Bangl|s14_yolov8s_joint_best","Incredible traffic Sound in Dhaka, Bangladesh। Rampura  [4K ASMR] #TheSoundofDhaka.mp4",s14_yolov8s_joint_best.pt,0.45,229,1145,11
"Incredible traffic Sound in Dhaka, Bangl|s14_yolov8s_joint_best","Incredible traffic Sound in Dhaka, Bangladesh। Rampura  [4K ASMR] #TheSoundofDhaka.mp4",s14_yolov8s_joint_best.pt,0.45,230,1150,14
"Incredible traffic Sound in Dhaka, Bangl|s14_yolov8s_joint_best","Incredible traffic Sound in Dhaka, Bangladesh। Rampura  [4K ASMR] #TheSoundofDhaka.mp4",s14_yolov8s_joint_best.pt,0.45,231,1155,8
"Incredible traffic Sound in Dhaka, Bangl|s14_yolov8s_joint_best","Incredible traffic Sound in Dhaka, Bangladesh। Rampura  [4K ASMR] #TheSoundofDhaka.mp4",s14_yolov8s_joint_best.pt,0.45,232,1160,8
"Incredible traffic Sound in Dhaka, Bangl|s14_yolov8s_joint_best","Incredible traffic Sound in Dhaka, Bangladesh। Rampura  [4K ASMR] #TheSoundofDhaka.mp4",s14_yolov8s_joint_best.pt,0.45,233,1165,6
"Incredible traffic Sound in Dhaka, Bangl|s14_yolov8s_joint_best","Incredible traffic Sound in Dhaka, Bangladesh। Rampura  [4K ASMR] #TheSoundofDhaka.mp4",s14_yolov8s_joint_best.pt,0.45,234,1170,9
"Incredible traffic Sound in Dhaka, Bangl|s14_yolov8s_joint_best","Incredible traffic Sound in Dhaka, Bangladesh। Rampura  [4K ASMR] #TheSoundofDhaka.mp4",s14_yolov8s_joint_best.pt,0.45,235,1175,13
"Incredible traffic Sound in Dhaka, Bangl|s14_yolov8s_joint_best","Incredible traffic Sound in Dhaka, Bangladesh। Rampura  [4K ASMR] #TheSoundofDhaka.mp4",s14_yolov8s_joint_best.pt,0.45,236,1180,10
"Incredible traffic Sound in Dhaka, Bangl|s14_yolov8s_joint_best","Incredible traffic Sound in Dhaka, Bangladesh। Rampura  [4K ASMR] #TheSoundofDhaka.mp4",s14_yolov8s_joint_best.pt,0.45,237,1185,8
"Incredible traffic Sound in Dhaka, Bangl|s14_yolov8s_joint_best","Incredible traffic Sound in Dhaka, Bangladesh। Rampura  [4K ASMR] #TheSoundofDhaka.mp4",s14_yolov8s_joint_best.pt,0.45,238,1190,10
"Incredible traffic Sound in Dhaka, Bangl|s14_yolov8s_joint_best","Incredible traffic Sound in Dhaka, Bangladesh। Rampura  [4K ASMR] #TheSoundofDhaka.mp4",s14_yolov8s_joint_best.pt,0.45,239,1195,8
"Incredible traffic Sound in Dhaka, Bangl|s14_yolov8s_joint_best","Incredible traffic Sound in Dhaka, Bangladesh। Rampura  [4K ASMR] #TheSoundofDhaka.mp4",s14_yolov8s_joint_best.pt,0.45,240,1200,14
"Incredible traffic Sound in Dhaka, Bangl|s14_yolov8s_joint_best","Incredible traffic Sound in Dhaka, Bangladesh। Rampura  [4K ASMR] #TheSoundofDhaka.mp4",s14_yolov8s_joint_best.pt,0.45,241,1205,3
"Incredible traffic Sound in Dhaka, Bangl|yolov8n","Incredible traffic Sound in Dhaka, Bangladesh। Rampura  [4K ASMR] #TheSoundofDhaka.mp4",yolov8n.pt,0.25,0,0,0
"Incredible traffic Sound in Dhaka, Bangl|yolov8n","Incredible traffic Sound in Dhaka, Bangladesh। Rampura  [4K ASMR] #TheSoundofDhaka.mp4",yolov8n.pt,0.25,1,5,7
"Incredible traffic Sound in Dhaka, Bangl|yolov8n","Incredible traffic Sound in Dhaka, Bangladesh। Rampura  [4K ASMR] #TheSoundofDhaka.mp4",yolov8n.pt,0.25,2,10,9
"Incredible traffic Sound in Dhaka, Bangl|yolov8n","Incredible traffic Sound in Dhaka, Bangladesh। Rampura  [4K ASMR] #TheSoundofDhaka.mp4",yolov8n.pt,0.25,3,15,7
"Incredible traffic Sound in Dhaka, Bangl|yolov8n","Incredible traffic Sound in Dhaka, Bangladesh। Rampura  [4K ASMR] #TheSoundofDhaka.mp4",yolov8n.pt,0.25,4,20,9
"Incredible traffic Sound in Dhaka, Bangl|yolov8n","Incredible traffic Sound in Dhaka, Bangladesh। Rampura  [4K ASMR] #TheSoundofDhaka.mp4",yolov8n.pt,0.25,5,25,9
"Incredible traffic Sound in Dhaka, Bangl|yolov8n","Incredible traffic Sound in Dhaka, Bangladesh। Rampura  [4K ASMR] #TheSoundofDhaka.mp4",yolov8n.pt,0.25,6,30,7
"Incredible traffic Sound in Dhaka, Bangl|yolov8n","Incredible traffic Sound in Dhaka, Bangladesh। Rampura  [4K ASMR] #TheSoundofDhaka.mp4",yolov8n.pt,0.25,7,35,5
"Incredible traffic Sound in Dhaka, Bangl|yolov8n","Incredible traffic Sound in Dhaka, Bangladesh। Rampura  [4K ASMR] #TheSoundofDhaka.mp4",yolov8n.pt,0.25,8,40,4
"Incredible traffic Sound in Dhaka, Bangl|yolov8n","Incredible traffic Sound in Dhaka, Bangladesh। Rampura  [4K ASMR] #TheSoundofDhaka.mp4",yolov8n.pt,0.25,9,45,12
"Incredible traffic Sound in Dhaka, Bangl|yolov8n","Incredible traffic Sound in Dhaka, Bangladesh। Rampura  [4K ASMR] #TheSoundofDhaka.mp4",yolov8n.pt,0.25,10,50,7
"Incredible traffic Sound in Dhaka, Bangl|yolov8n","Incredible traffic Sound in Dhaka, Bangladesh। Rampura  [4K ASMR] #TheSoundofDhaka.mp4",yolov8n.pt,0.25,11,55,7
"Incredible traffic Sound in Dhaka, Bangl|yolov8n","Incredible traffic Sound in Dhaka, Bangladesh। Rampura  [4K ASMR] #TheSoundofDhaka.mp4",yolov8n.pt,0.25,12,60,13
"Incredible traffic Sound in Dhaka, Bangl|yolov8n","Incredible traffic Sound in Dhaka, Bangladesh। Rampura  [4K ASMR] #TheSoundofDhaka.mp4",yolov8n.pt,0.25,13,65,8
"Incredible traffic Sound in Dhaka, Bangl|yolov8n","Incredible traffic Sound in Dhaka, Bangladesh। Rampura  [4K ASMR] #TheSoundofDhaka.mp4",yolov8n.pt,0.25,14,70,11
"Incredible traffic Sound in Dhaka, Bangl|yolov8n","Incredible traffic Sound in Dhaka, Bangladesh। Rampura  [4K ASMR] #TheSoundofDhaka.mp4",yolov8n.pt,0.25,15,75,6
"Incredible traffic Sound in Dhaka, Bangl|yolov8n","Incredible traffic Sound in Dhaka, Bangladesh। Rampura  [4K ASMR] #TheSoundofDhaka.mp4",yolov8n.pt,0.25,16,80,10
"Incredible traffic Sound in Dhaka, Bangl|yolov8n","Incredible traffic Sound in Dhaka, Bangladesh। Rampura  [4K ASMR] #TheSoundofDhaka.mp4",yolov8n.pt,0.25,17,85,7
"Incredible traffic Sound in Dhaka, Bangl|yolov8n","Incredible traffic Sound in Dhaka, Bangladesh। Rampura  [4K ASMR] #TheSoundofDhaka.mp4",yolov8n.pt,0.25,18,90,8
"Incredible traffic Sound in Dhaka, Bangl|yolov8n","Incredible traffic Sound in Dhaka, Bangladesh। Rampura  [4K ASMR] #TheSoundofDhaka.mp4",yolov8n.pt,0.25,19,95,9
"Incredible traffic Sound in Dhaka, Bangl|yolov8n","Incredible traffic Sound in Dhaka, Bangladesh। Rampura  [4K ASMR] #TheSoundofDhaka.mp4",yolov8n.pt,0.25,20,100,10
"Incredible traffic Sound in Dhaka, Bangl|yolov8n","Incredible traffic Sound in Dhaka, Bangladesh। Rampura  [4K ASMR] #TheSoundofDhaka.mp4",yolov8n.pt,0.25,21,105,14
"Incredible traffic Sound in Dhaka, Bangl|yolov8n","Incredible traffic Sound in Dhaka, Bangladesh। Rampura  [4K ASMR] #TheSoundofDhaka.mp4",yolov8n.pt,0.25,22,110,13
"Incredible traffic Sound in Dhaka, Bangl|yolov8n","Incredible traffic Sound in Dhaka, Bangladesh। Rampura  [4K ASMR] #TheSoundofDhaka.mp4",yolov8n.pt,0.25,23,115,15
"Incredible traffic Sound in Dhaka, Bangl|yolov8n","Incredible traffic Sound in Dhaka, Bangladesh। Rampura  [4K ASMR] #TheSoundofDhaka.mp4",yolov8n.pt,0.25,24,120,3
"Incredible traffic Sound in Dhaka, Bangl|yolov8n","Incredible traffic Sound in Dhaka, Bangladesh। Rampura  [4K ASMR] #TheSoundofDhaka.mp4",yolov8n.pt,0.25,25,125,4
"Incredible traffic Sound in Dhaka, Bangl|yolov8n","Incredible traffic Sound in Dhaka, Bangladesh। Rampura  [4K ASMR] #TheSoundofDhaka.mp4",yolov8n.pt,0.25,26,130,6
"Incredible traffic Sound in Dhaka, Bangl|yolov8n","Incredible traffic Sound in Dhaka, Bangladesh। Rampura  [4K ASMR] #TheSoundofDhaka.mp4",yolov8n.pt,0.25,27,135,6
"Incredible traffic Sound in Dhaka, Bangl|yolov8n","Incredible traffic Sound in Dhaka, Bangladesh। Rampura  [4K ASMR] #TheSoundofDhaka.mp4",yolov8n.pt,0.25,28,140,4
"Incredible traffic Sound in Dhaka, Bangl|yolov8n","Incredible traffic Sound in Dhaka, Bangladesh। Rampura  [4K ASMR] #TheSoundofDhaka.mp4",yolov8n.pt,0.25,29,145,8
"Incredible traffic Sound in Dhaka, Bangl|yolov8n","Incredible traffic Sound in Dhaka, Bangladesh। Rampura  [4K ASMR] #TheSoundofDhaka.mp4",yolov8n.pt,0.25,30,150,9
"Incredible traffic Sound in Dhaka, Bangl|yolov8n","Incredible traffic Sound in Dhaka, Bangladesh। Rampura  [4K ASMR] #TheSoundofDhaka.mp4",yolov8n.pt,0.25,31,155,7
"Incredible traffic Sound in Dhaka, Bangl|yolov8n","Incredible traffic Sound in Dhaka, Bangladesh। Rampura  [4K ASMR] #TheSoundofDhaka.mp4",yolov8n.pt,0.25,32,160,9
"Incredible traffic Sound in Dhaka, Bangl|yolov8n","Incredible traffic Sound in Dhaka, Bangladesh। Rampura  [4K ASMR] #TheSoundofDhaka.mp4",yolov8n.pt,0.25,33,165,4
"Incredible traffic Sound in Dhaka, Bangl|yolov8n","Incredible traffic Sound in Dhaka, Bangladesh। Rampura  [4K ASMR] #TheSoundofDhaka.mp4",yolov8n.pt,0.25,34,170,4
"Incredible traffic Sound in Dhaka, Bangl|yolov8n","Incredible traffic Sound in Dhaka, Bangladesh। Rampura  [4K ASMR] #TheSoundofDhaka.mp4",yolov8n.pt,0.25,35,175,14
"Incredible traffic Sound in Dhaka, Bangl|yolov8n","Incredible traffic Sound in Dhaka, Bangladesh। Rampura  [4K ASMR] #TheSoundofDhaka.mp4",yolov8n.pt,0.25,36,180,7
"Incredible traffic Sound in Dhaka, Bangl|yolov8n","Incredible traffic Sound in Dhaka, Bangladesh। Rampura  [4K ASMR] #TheSoundofDhaka.mp4",yolov8n.pt,0.25,37,185,8
"Incredible traffic Sound in Dhaka, Bangl|yolov8n","Incredible traffic Sound in Dhaka, Bangladesh। Rampura  [4K ASMR] #TheSoundofDhaka.mp4",yolov8n.pt,0.25,38,190,7
"Incredible traffic Sound in Dhaka, Bangl|yolov8n","Incredible traffic Sound in Dhaka, Bangladesh। Rampura  [4K ASMR] #TheSoundofDhaka.mp4",yolov8n.pt,0.25,39,195,11
"Incredible traffic Sound in Dhaka, Bangl|yolov8n","Incredible traffic Sound in Dhaka, Bangladesh। Rampura  [4K ASMR] #TheSoundofDhaka.mp4",yolov8n.pt,0.25,40,200,11
"Incredible traffic Sound in Dhaka, Bangl|yolov8n","Incredible traffic Sound in Dhaka, Bangladesh। Rampura  [4K ASMR] #TheSoundofDhaka.mp4",yolov8n.pt,0.25,41,205,11
"Incredible traffic Sound in Dhaka, Bangl|yolov8n","Incredible traffic Sound in Dhaka, Bangladesh। Rampura  [4K ASMR] #TheSoundofDhaka.mp4",yolov8n.pt,0.25,42,210,7
"Incredible traffic Sound in Dhaka, Bangl|yolov8n","Incredible traffic Sound in Dhaka, Bangladesh। Rampura  [4K ASMR] #TheSoundofDhaka.mp4",yolov8n.pt,0.25,43,215,7
"Incredible traffic Sound in Dhaka, Bangl|yolov8n","Incredible traffic Sound in Dhaka, Bangladesh। Rampura  [4K ASMR] #TheSoundofDhaka.mp4",yolov8n.pt,0.25,44,220,13
"Incredible traffic Sound in Dhaka, Bangl|yolov8n","Incredible traffic Sound in Dhaka, Bangladesh। Rampura  [4K ASMR] #TheSoundofDhaka.mp4",yolov8n.pt,0.25,45,225,12
"Incredible traffic Sound in Dhaka, Bangl|yolov8n","Incredible traffic Sound in Dhaka, Bangladesh। Rampura  [4K ASMR] #TheSoundofDhaka.mp4",yolov8n.pt,0.25,46,230,6
"Incredible traffic Sound in Dhaka, Bangl|yolov8n","Incredible traffic Sound in Dhaka, Bangladesh। Rampura  [4K ASMR] #TheSoundofDhaka.mp4",yolov8n.pt,0.25,47,235,13
"Incredible traffic Sound in Dhaka, Bangl|yolov8n","Incredible traffic Sound in Dhaka, Bangladesh। Rampura  [4K ASMR] #TheSoundofDhaka.mp4",yolov8n.pt,0.25,48,240,6
"Incredible traffic Sound in Dhaka, Bangl|yolov8n","Incredible traffic Sound in Dhaka, Bangladesh। Rampura  [4K ASMR] #TheSoundofDhaka.mp4",yolov8n.pt,0.25,49,245,6
"Incredible traffic Sound in Dhaka, Bangl|yolov8n","Incredible traffic Sound in Dhaka, Bangladesh। Rampura  [4K ASMR] #TheSoundofDhaka.mp4",yolov8n.pt,0.25,50,250,13
"Incredible traffic Sound in Dhaka, Bangl|yolov8n","Incredible traffic Sound in Dhaka, Bangladesh। Rampura  [4K ASMR] #TheSoundofDhaka.mp4",yolov8n.pt,0.25,51,255,6
"Incredible traffic Sound in Dhaka, Bangl|yolov8n","Incredible traffic Sound in Dhaka, Bangladesh। Rampura  [4K ASMR] #TheSoundofDhaka.mp4",yolov8n.pt,0.25,52,260,16
"Incredible traffic Sound in Dhaka, Bangl|yolov8n","Incredible traffic Sound in Dhaka, Bangladesh। Rampura  [4K ASMR] #TheSoundofDhaka.mp4",yolov8n.pt,0.25,53,265,14
"Incredible traffic Sound in Dhaka, Bangl|yolov8n","Incredible traffic Sound in Dhaka, Bangladesh। Rampura  [4K ASMR] #TheSoundofDhaka.mp4",yolov8n.pt,0.25,54,270,11
"Incredible traffic Sound in Dhaka, Bangl|yolov8n","Incredible traffic Sound in Dhaka, Bangladesh। Rampura  [4K ASMR] #TheSoundofDhaka.mp4",yolov8n.pt,0.25,55,275,8
"Incredible traffic Sound in Dhaka, Bangl|yolov8n","Incredible traffic Sound in Dhaka, Bangladesh। Rampura  [4K ASMR] #TheSoundofDhaka.mp4",yolov8n.pt,0.25,56,280,10
"Incredible traffic Sound in Dhaka, Bangl|yolov8n","Incredible traffic Sound in Dhaka, Bangladesh। Rampura  [4K ASMR] #TheSoundofDhaka.mp4",yolov8n.pt,0.25,57,285,7
"Incredible traffic Sound in Dhaka, Bangl|yolov8n","Incredible traffic Sound in Dhaka, Bangladesh। Rampura  [4K ASMR] #TheSoundofDhaka.mp4",yolov8n.pt,0.25,58,290,9
"Incredible traffic Sound in Dhaka, Bangl|yolov8n","Incredible traffic Sound in Dhaka, Bangladesh। Rampura  [4K ASMR] #TheSoundofDhaka.mp4",yolov8n.pt,0.25,59,295,12
"Incredible traffic Sound in Dhaka, Bangl|yolov8n","Incredible traffic Sound in Dhaka, Bangladesh। Rampura  [4K ASMR] #TheSoundofDhaka.mp4",yolov8n.pt,0.25,60,300,6
"Incredible traffic Sound in Dhaka, Bangl|yolov8n","Incredible traffic Sound in Dhaka, Bangladesh। Rampura  [4K ASMR] #TheSoundofDhaka.mp4",yolov8n.pt,0.25,61,305,8
"Incredible traffic Sound in Dhaka, Bangl|yolov8n","Incredible traffic Sound in Dhaka, Bangladesh। Rampura  [4K ASMR] #TheSoundofDhaka.mp4",yolov8n.pt,0.25,62,310,10
"Incredible traffic Sound in Dhaka, Bangl|yolov8n","Incredible traffic Sound in Dhaka, Bangladesh। Rampura  [4K ASMR] #TheSoundofDhaka.mp4",yolov8n.pt,0.25,63,315,7
"Incredible traffic Sound in Dhaka, Bangl|yolov8n","Incredible traffic Sound in Dhaka, Bangladesh। Rampura  [4K ASMR] #TheSoundofDhaka.mp4",yolov8n.pt,0.25,64,320,4
"Incredible traffic Sound in Dhaka, Bangl|yolov8n","Incredible traffic Sound in Dhaka, Bangladesh। Rampura  [4K ASMR] #TheSoundofDhaka.mp4",yolov8n.pt,0.25,65,325,9
"Incredible traffic Sound in Dhaka, Bangl|yolov8n","Incredible traffic Sound in Dhaka, Bangladesh। Rampura  [4K ASMR] #TheSoundofDhaka.mp4",yolov8n.pt,0.25,66,330,19
"Incredible traffic Sound in Dhaka, Bangl|yolov8n","Incredible traffic Sound in Dhaka, Bangladesh। Rampura  [4K ASMR] #TheSoundofDhaka.mp4",yolov8n.pt,0.25,67,335,9
"Incredible traffic Sound in Dhaka, Bangl|yolov8n","Incredible traffic Sound in Dhaka, Bangladesh। Rampura  [4K ASMR] #TheSoundofDhaka.mp4",yolov8n.pt,0.25,68,340,9
"Incredible traffic Sound in Dhaka, Bangl|yolov8n","Incredible traffic Sound in Dhaka, Bangladesh। Rampura  [4K ASMR] #TheSoundofDhaka.mp4",yolov8n.pt,0.25,69,345,12
"Incredible traffic Sound in Dhaka, Bangl|yolov8n","Incredible traffic Sound in Dhaka, Bangladesh। Rampura  [4K ASMR] #TheSoundofDhaka.mp4",yolov8n.pt,0.25,70,350,10
"Incredible traffic Sound in Dhaka, Bangl|yolov8n","Incredible traffic Sound in Dhaka, Bangladesh। Rampura  [4K ASMR] #TheSoundofDhaka.mp4",yolov8n.pt,0.25,71,355,11
"Incredible traffic Sound in Dhaka, Bangl|yolov8n","Incredible traffic Sound in Dhaka, Bangladesh। Rampura  [4K ASMR] #TheSoundofDhaka.mp4",yolov8n.pt,0.25,72,360,13
"Incredible traffic Sound in Dhaka, Bangl|yolov8n","Incredible traffic Sound in Dhaka, Bangladesh। Rampura  [4K ASMR] #TheSoundofDhaka.mp4",yolov8n.pt,0.25,73,365,12
"Incredible traffic Sound in Dhaka, Bangl|yolov8n","Incredible traffic Sound in Dhaka, Bangladesh। Rampura  [4K ASMR] #TheSoundofDhaka.mp4",yolov8n.pt,0.25,74,370,14
"Incredible traffic Sound in Dhaka, Bangl|yolov8n","Incredible traffic Sound in Dhaka, Bangladesh। Rampura  [4K ASMR] #TheSoundofDhaka.mp4",yolov8n.pt,0.25,75,375,12
"Incredible traffic Sound in Dhaka, Bangl|yolov8n","Incredible traffic Sound in Dhaka, Bangladesh। Rampura  [4K ASMR] #TheSoundofDhaka.mp4",yolov8n.pt,0.25,76,380,8
"Incredible traffic Sound in Dhaka, Bangl|yolov8n","Incredible traffic Sound in Dhaka, Bangladesh। Rampura  [4K ASMR] #TheSoundofDhaka.mp4",yolov8n.pt,0.25,77,385,14
"Incredible traffic Sound in Dhaka, Bangl|yolov8n","Incredible traffic Sound in Dhaka, Bangladesh। Rampura  [4K ASMR] #TheSoundofDhaka.mp4",yolov8n.pt,0.25,78,390,10
"Incredible traffic Sound in Dhaka, Bangl|yolov8n","Incredible traffic Sound in Dhaka, Bangladesh। Rampura  [4K ASMR] #TheSoundofDhaka.mp4",yolov8n.pt,0.25,79,395,13
"Incredible traffic Sound in Dhaka, Bangl|yolov8n","Incredible traffic Sound in Dhaka, Bangladesh। Rampura  [4K ASMR] #TheSoundofDhaka.mp4",yolov8n.pt,0.25,80,400,7
"Incredible traffic Sound in Dhaka, Bangl|yolov8n","Incredible traffic Sound in Dhaka, Bangladesh। Rampura  [4K ASMR] #TheSoundofDhaka.mp4",yolov8n.pt,0.25,81,405,10
"Incredible traffic Sound in Dhaka, Bangl|yolov8n","Incredible traffic Sound in Dhaka, Bangladesh। Rampura  [4K ASMR] #TheSoundofDhaka.mp4",yolov8n.pt,0.25,82,410,8
"Incredible traffic Sound in Dhaka, Bangl|yolov8n","Incredible traffic Sound in Dhaka, Bangladesh। Rampura  [4K ASMR] #TheSoundofDhaka.mp4",yolov8n.pt,0.25,83,415,11
"Incredible traffic Sound in Dhaka, Bangl|yolov8n","Incredible traffic Sound in Dhaka, Bangladesh। Rampura  [4K ASMR] #TheSoundofDhaka.mp4",yolov8n.pt,0.25,84,420,8
"Incredible traffic Sound in Dhaka, Bangl|yolov8n","Incredible traffic Sound in Dhaka, Bangladesh। Rampura  [4K ASMR] #TheSoundofDhaka.mp4",yolov8n.pt,0.25,85,425,7
"Incredible traffic Sound in Dhaka, Bangl|yolov8n","Incredible traffic Sound in Dhaka, Bangladesh। Rampura  [4K ASMR] #TheSoundofDhaka.mp4",yolov8n.pt,0.25,86,430,6
"Incredible traffic Sound in Dhaka, Bangl|yolov8n","Incredible traffic Sound in Dhaka, Bangladesh। Rampura  [4K ASMR] #TheSoundofDhaka.mp4",yolov8n.pt,0.25,87,435,9
"Incredible traffic Sound in Dhaka, Bangl|yolov8n","Incredible traffic Sound in Dhaka, Bangladesh। Rampura  [4K ASMR] #TheSoundofDhaka.mp4",yolov8n.pt,0.25,88,440,11
"Incredible traffic Sound in Dhaka, Bangl|yolov8n","Incredible traffic Sound in Dhaka, Bangladesh। Rampura  [4K ASMR] #TheSoundofDhaka.mp4",yolov8n.pt,0.25,89,445,9
"Incredible traffic Sound in Dhaka, Bangl|yolov8n","Incredible traffic Sound in Dhaka, Bangladesh। Rampura  [4K ASMR] #TheSoundofDhaka.mp4",yolov8n.pt,0.25,90,450,10
"Incredible traffic Sound in Dhaka, Bangl|yolov8n","Incredible traffic Sound in Dhaka, Bangladesh। Rampura  [4K ASMR] #TheSoundofDhaka.mp4",yolov8n.pt,0.25,91,455,9
"Incredible traffic Sound in Dhaka, Bangl|yolov8n","Incredible traffic Sound in Dhaka, Bangladesh। Rampura  [4K ASMR] #TheSoundofDhaka.mp4",yolov8n.pt,0.25,92,460,7
"Incredible traffic Sound in Dhaka, Bangl|yolov8n","Incredible traffic Sound in Dhaka, Bangladesh। Rampura  [4K ASMR] #TheSoundofDhaka.mp4",yolov8n.pt,0.25,93,465,12
"Incredible traffic Sound in Dhaka, Bangl|yolov8n","Incredible traffic Sound in Dhaka, Bangladesh। Rampura  [4K ASMR] #TheSoundofDhaka.mp4",yolov8n.pt,0.25,94,470,11
"Incredible traffic Sound in Dhaka, Bangl|yolov8n","Incredible traffic Sound in Dhaka, Bangladesh। Rampura  [4K ASMR] #TheSoundofDhaka.mp4",yolov8n.pt,0.25,95,475,15
"Incredible traffic Sound in Dhaka, Bangl|yolov8n","Incredible traffic Sound in Dhaka, Bangladesh। Rampura  [4K ASMR] #TheSoundofDhaka.mp4",yolov8n.pt,0.25,96,480,10
"Incredible traffic Sound in Dhaka, Bangl|yolov8n","Incredible traffic Sound in Dhaka, Bangladesh। Rampura  [4K ASMR] #TheSoundofDhaka.mp4",yolov8n.pt,0.25,97,485,7
"Incredible traffic Sound in Dhaka, Bangl|yolov8n","Incredible traffic Sound in Dhaka, Bangladesh। Rampura  [4K ASMR] #TheSoundofDhaka.mp4",yolov8n.pt,0.25,98,490,6
"Incredible traffic Sound in Dhaka, Bangl|yolov8n","Incredible traffic Sound in Dhaka, Bangladesh। Rampura  [4K ASMR] #TheSoundofDhaka.mp4",yolov8n.pt,0.25,99,495,11
"Incredible traffic Sound in Dhaka, Bangl|yolov8n","Incredible traffic Sound in Dhaka, Bangladesh। Rampura  [4K ASMR] #TheSoundofDhaka.mp4",yolov8n.pt,0.25,100,500,9
"Incredible traffic Sound in Dhaka, Bangl|yolov8n","Incredible traffic Sound in Dhaka, Bangladesh। Rampura  [4K ASMR] #TheSoundofDhaka.mp4",yolov8n.pt,0.25,101,505,17
"Incredible traffic Sound in Dhaka, Bangl|yolov8n","Incredible traffic Sound in Dhaka, Bangladesh। Rampura  [4K ASMR] #TheSoundofDhaka.mp4",yolov8n.pt,0.25,102,510,12
"Incredible traffic Sound in Dhaka, Bangl|yolov8n","Incredible traffic Sound in Dhaka, Bangladesh। Rampura  [4K ASMR] #TheSoundofDhaka.mp4",yolov8n.pt,0.25,103,515,9
"Incredible traffic Sound in Dhaka, Bangl|yolov8n","Incredible traffic Sound in Dhaka, Bangladesh। Rampura  [4K ASMR] #TheSoundofDhaka.mp4",yolov8n.pt,0.25,104,520,10
"Incredible traffic Sound in Dhaka, Bangl|yolov8n","Incredible traffic Sound in Dhaka, Bangladesh। Rampura  [4K ASMR] #TheSoundofDhaka.mp4",yolov8n.pt,0.25,105,525,9
"Incredible traffic Sound in Dhaka, Bangl|yolov8n","Incredible traffic Sound in Dhaka, Bangladesh। Rampura  [4K ASMR] #TheSoundofDhaka.mp4",yolov8n.pt,0.25,106,530,12
"Incredible traffic Sound in Dhaka, Bangl|yolov8n","Incredible traffic Sound in Dhaka, Bangladesh। Rampura  [4K ASMR] #TheSoundofDhaka.mp4",yolov8n.pt,0.25,107,535,11
"Incredible traffic Sound in Dhaka, Bangl|yolov8n","Incredible traffic Sound in Dhaka, Bangladesh। Rampura  [4K ASMR] #TheSoundofDhaka.mp4",yolov8n.pt,0.25,108,540,3
"Incredible traffic Sound in Dhaka, Bangl|yolov8n","Incredible traffic Sound in Dhaka, Bangladesh। Rampura  [4K ASMR] #TheSoundofDhaka.mp4",yolov8n.pt,0.25,109,545,8
"Incredible traffic Sound in Dhaka, Bangl|yolov8n","Incredible traffic Sound in Dhaka, Bangladesh। Rampura  [4K ASMR] #TheSoundofDhaka.mp4",yolov8n.pt,0.25,110,550,6
"Incredible traffic Sound in Dhaka, Bangl|yolov8n","Incredible traffic Sound in Dhaka, Bangladesh। Rampura  [4K ASMR] #TheSoundofDhaka.mp4",yolov8n.pt,0.25,111,555,1
"Incredible traffic Sound in Dhaka, Bangl|yolov8n","Incredible traffic Sound in Dhaka, Bangladesh। Rampura  [4K ASMR] #TheSoundofDhaka.mp4",yolov8n.pt,0.25,112,560,6
"Incredible traffic Sound in Dhaka, Bangl|yolov8n","Incredible traffic Sound in Dhaka, Bangladesh। Rampura  [4K ASMR] #TheSoundofDhaka.mp4",yolov8n.pt,0.25,113,565,10
"Incredible traffic Sound in Dhaka, Bangl|yolov8n","Incredible traffic Sound in Dhaka, Bangladesh। Rampura  [4K ASMR] #TheSoundofDhaka.mp4",yolov8n.pt,0.25,114,570,12
"Incredible traffic Sound in Dhaka, Bangl|yolov8n","Incredible traffic Sound in Dhaka, Bangladesh। Rampura  [4K ASMR] #TheSoundofDhaka.mp4",yolov8n.pt,0.25,115,575,7
"Incredible traffic Sound in Dhaka, Bangl|yolov8n","Incredible traffic Sound in Dhaka, Bangladesh। Rampura  [4K ASMR] #TheSoundofDhaka.mp4",yolov8n.pt,0.25,116,580,18
"Incredible traffic Sound in Dhaka, Bangl|yolov8n","Incredible traffic Sound in Dhaka, Bangladesh। Rampura  [4K ASMR] #TheSoundofDhaka.mp4",yolov8n.pt,0.25,117,585,11
"Incredible traffic Sound in Dhaka, Bangl|yolov8n","Incredible traffic Sound in Dhaka, Bangladesh। Rampura  [4K ASMR] #TheSoundofDhaka.mp4",yolov8n.pt,0.25,118,590,8
"Incredible traffic Sound in Dhaka, Bangl|yolov8n","Incredible traffic Sound in Dhaka, Bangladesh। Rampura  [4K ASMR] #TheSoundofDhaka.mp4",yolov8n.pt,0.25,119,595,0
"Incredible traffic Sound in Dhaka, Bangl|yolov8n","Incredible traffic Sound in Dhaka, Bangladesh। Rampura  [4K ASMR] #TheSoundofDhaka.mp4",yolov8n.pt,0.25,120,600,11
"Incredible traffic Sound in Dhaka, Bangl|yolov8n","Incredible traffic Sound in Dhaka, Bangladesh। Rampura  [4K ASMR] #TheSoundofDhaka.mp4",yolov8n.pt,0.25,121,605,7
"Incredible traffic Sound in Dhaka, Bangl|yolov8n","Incredible traffic Sound in Dhaka, Bangladesh। Rampura  [4K ASMR] #TheSoundofDhaka.mp4",yolov8n.pt,0.25,122,610,6
"Incredible traffic Sound in Dhaka, Bangl|yolov8n","Incredible traffic Sound in Dhaka, Bangladesh। Rampura  [4K ASMR] #TheSoundofDhaka.mp4",yolov8n.pt,0.25,123,615,14
"Incredible traffic Sound in Dhaka, Bangl|yolov8n","Incredible traffic Sound in Dhaka, Bangladesh। Rampura  [4K ASMR] #TheSoundofDhaka.mp4",yolov8n.pt,0.25,124,620,11
"Incredible traffic Sound in Dhaka, Bangl|yolov8n","Incredible traffic Sound in Dhaka, Bangladesh। Rampura  [4K ASMR] #TheSoundofDhaka.mp4",yolov8n.pt,0.25,125,625,14
"Incredible traffic Sound in Dhaka, Bangl|yolov8n","Incredible traffic Sound in Dhaka, Bangladesh। Rampura  [4K ASMR] #TheSoundofDhaka.mp4",yolov8n.pt,0.25,126,630,10
"Incredible traffic Sound in Dhaka, Bangl|yolov8n","Incredible traffic Sound in Dhaka, Bangladesh। Rampura  [4K ASMR] #TheSoundofDhaka.mp4",yolov8n.pt,0.25,127,635,8
"Incredible traffic Sound in Dhaka, Bangl|yolov8n","Incredible traffic Sound in Dhaka, Bangladesh। Rampura  [4K ASMR] #TheSoundofDhaka.mp4",yolov8n.pt,0.25,128,640,11
"Incredible traffic Sound in Dhaka, Bangl|yolov8n","Incredible traffic Sound in Dhaka, Bangladesh। Rampura  [4K ASMR] #TheSoundofDhaka.mp4",yolov8n.pt,0.25,129,645,14
"Incredible traffic Sound in Dhaka, Bangl|yolov8n","Incredible traffic Sound in Dhaka, Bangladesh। Rampura  [4K ASMR] #TheSoundofDhaka.mp4",yolov8n.pt,0.25,130,650,9
"Incredible traffic Sound in Dhaka, Bangl|yolov8n","Incredible traffic Sound in Dhaka, Bangladesh। Rampura  [4K ASMR] #TheSoundofDhaka.mp4",yolov8n.pt,0.25,131,655,12
"Incredible traffic Sound in Dhaka, Bangl|yolov8n","Incredible traffic Sound in Dhaka, Bangladesh। Rampura  [4K ASMR] #TheSoundofDhaka.mp4",yolov8n.pt,0.25,132,660,6
"Incredible traffic Sound in Dhaka, Bangl|yolov8n","Incredible traffic Sound in Dhaka, Bangladesh। Rampura  [4K ASMR] #TheSoundofDhaka.mp4",yolov8n.pt,0.25,133,665,5
"Incredible traffic Sound in Dhaka, Bangl|yolov8n","Incredible traffic Sound in Dhaka, Bangladesh। Rampura  [4K ASMR] #TheSoundofDhaka.mp4",yolov8n.pt,0.25,134,670,7
"Incredible traffic Sound in Dhaka, Bangl|yolov8n","Incredible traffic Sound in Dhaka, Bangladesh। Rampura  [4K ASMR] #TheSoundofDhaka.mp4",yolov8n.pt,0.25,135,675,10
"Incredible traffic Sound in Dhaka, Bangl|yolov8n","Incredible traffic Sound in Dhaka, Bangladesh। Rampura  [4K ASMR] #TheSoundofDhaka.mp4",yolov8n.pt,0.25,136,680,13
"Incredible traffic Sound in Dhaka, Bangl|yolov8n","Incredible traffic Sound in Dhaka, Bangladesh। Rampura  [4K ASMR] #TheSoundofDhaka.mp4",yolov8n.pt,0.25,137,685,9
"Incredible traffic Sound in Dhaka, Bangl|yolov8n","Incredible traffic Sound in Dhaka, Bangladesh। Rampura  [4K ASMR] #TheSoundofDhaka.mp4",yolov8n.pt,0.25,138,690,16
"Incredible traffic Sound in Dhaka, Bangl|yolov8n","Incredible traffic Sound in Dhaka, Bangladesh। Rampura  [4K ASMR] #TheSoundofDhaka.mp4",yolov8n.pt,0.25,139,695,7
"Incredible traffic Sound in Dhaka, Bangl|yolov8n","Incredible traffic Sound in Dhaka, Bangladesh। Rampura  [4K ASMR] #TheSoundofDhaka.mp4",yolov8n.pt,0.25,140,700,12
"Incredible traffic Sound in Dhaka, Bangl|yolov8n","Incredible traffic Sound in Dhaka, Bangladesh। Rampura  [4K ASMR] #TheSoundofDhaka.mp4",yolov8n.pt,0.25,141,705,7
"Incredible traffic Sound in Dhaka, Bangl|yolov8n","Incredible traffic Sound in Dhaka, Bangladesh। Rampura  [4K ASMR] #TheSoundofDhaka.mp4",yolov8n.pt,0.25,142,710,9
"Incredible traffic Sound in Dhaka, Bangl|yolov8n","Incredible traffic Sound in Dhaka, Bangladesh। Rampura  [4K ASMR] #TheSoundofDhaka.mp4",yolov8n.pt,0.25,143,715,8
"Incredible traffic Sound in Dhaka, Bangl|yolov8n","Incredible traffic Sound in Dhaka, Bangladesh। Rampura  [4K ASMR] #TheSoundofDhaka.mp4",yolov8n.pt,0.25,144,720,10
"Incredible traffic Sound in Dhaka, Bangl|yolov8n","Incredible traffic Sound in Dhaka, Bangladesh। Rampura  [4K ASMR] #TheSoundofDhaka.mp4",yolov8n.pt,0.25,145,725,10
"Incredible traffic Sound in Dhaka, Bangl|yolov8n","Incredible traffic Sound in Dhaka, Bangladesh। Rampura  [4K ASMR] #TheSoundofDhaka.mp4",yolov8n.pt,0.25,146,730,15
"Incredible traffic Sound in Dhaka, Bangl|yolov8n","Incredible traffic Sound in Dhaka, Bangladesh। Rampura  [4K ASMR] #TheSoundofDhaka.mp4",yolov8n.pt,0.25,147,735,9
"Incredible traffic Sound in Dhaka, Bangl|yolov8n","Incredible traffic Sound in Dhaka, Bangladesh। Rampura  [4K ASMR] #TheSoundofDhaka.mp4",yolov8n.pt,0.25,148,740,10
"Incredible traffic Sound in Dhaka, Bangl|yolov8n","Incredible traffic Sound in Dhaka, Bangladesh। Rampura  [4K ASMR] #TheSoundofDhaka.mp4",yolov8n.pt,0.25,149,745,7
"Incredible traffic Sound in Dhaka, Bangl|yolov8n","Incredible traffic Sound in Dhaka, Bangladesh। Rampura  [4K ASMR] #TheSoundofDhaka.mp4",yolov8n.pt,0.25,150,750,14
"Incredible traffic Sound in Dhaka, Bangl|yolov8n","Incredible traffic Sound in Dhaka, Bangladesh। Rampura  [4K ASMR] #TheSoundofDhaka.mp4",yolov8n.pt,0.25,151,755,12
"Incredible traffic Sound in Dhaka, Bangl|yolov8n","Incredible traffic Sound in Dhaka, Bangladesh। Rampura  [4K ASMR] #TheSoundofDhaka.mp4",yolov8n.pt,0.25,152,760,10
"Incredible traffic Sound in Dhaka, Bangl|yolov8n","Incredible traffic Sound in Dhaka, Bangladesh। Rampura  [4K ASMR] #TheSoundofDhaka.mp4",yolov8n.pt,0.25,153,765,19
"Incredible traffic Sound in Dhaka, Bangl|yolov8n","Incredible traffic Sound in Dhaka, Bangladesh। Rampura  [4K ASMR] #TheSoundofDhaka.mp4",yolov8n.pt,0.25,154,770,8
"Incredible traffic Sound in Dhaka, Bangl|yolov8n","Incredible traffic Sound in Dhaka, Bangladesh। Rampura  [4K ASMR] #TheSoundofDhaka.mp4",yolov8n.pt,0.25,155,775,10
"Incredible traffic Sound in Dhaka, Bangl|yolov8n","Incredible traffic Sound in Dhaka, Bangladesh। Rampura  [4K ASMR] #TheSoundofDhaka.mp4",yolov8n.pt,0.25,156,780,10
"Incredible traffic Sound in Dhaka, Bangl|yolov8n","Incredible traffic Sound in Dhaka, Bangladesh। Rampura  [4K ASMR] #TheSoundofDhaka.mp4",yolov8n.pt,0.25,157,785,10
"Incredible traffic Sound in Dhaka, Bangl|yolov8n","Incredible traffic Sound in Dhaka, Bangladesh। Rampura  [4K ASMR] #TheSoundofDhaka.mp4",yolov8n.pt,0.25,158,790,5
"Incredible traffic Sound in Dhaka, Bangl|yolov8n","Incredible traffic Sound in Dhaka, Bangladesh। Rampura  [4K ASMR] #TheSoundofDhaka.mp4",yolov8n.pt,0.25,159,795,9
"Incredible traffic Sound in Dhaka, Bangl|yolov8n","Incredible traffic Sound in Dhaka, Bangladesh। Rampura  [4K ASMR] #TheSoundofDhaka.mp4",yolov8n.pt,0.25,160,800,15
"Incredible traffic Sound in Dhaka, Bangl|yolov8n","Incredible traffic Sound in Dhaka, Bangladesh। Rampura  [4K ASMR] #TheSoundofDhaka.mp4",yolov8n.pt,0.25,161,805,14
"Incredible traffic Sound in Dhaka, Bangl|yolov8n","Incredible traffic Sound in Dhaka, Bangladesh। Rampura  [4K ASMR] #TheSoundofDhaka.mp4",yolov8n.pt,0.25,162,810,9
"Incredible traffic Sound in Dhaka, Bangl|yolov8n","Incredible traffic Sound in Dhaka, Bangladesh। Rampura  [4K ASMR] #TheSoundofDhaka.mp4",yolov8n.pt,0.25,163,815,16
"Incredible traffic Sound in Dhaka, Bangl|yolov8n","Incredible traffic Sound in Dhaka, Bangladesh। Rampura  [4K ASMR] #TheSoundofDhaka.mp4",yolov8n.pt,0.25,164,820,8
"Incredible traffic Sound in Dhaka, Bangl|yolov8n","Incredible traffic Sound in Dhaka, Bangladesh। Rampura  [4K ASMR] #TheSoundofDhaka.mp4",yolov8n.pt,0.25,165,825,19
"Incredible traffic Sound in Dhaka, Bangl|yolov8n","Incredible traffic Sound in Dhaka, Bangladesh। Rampura  [4K ASMR] #TheSoundofDhaka.mp4",yolov8n.pt,0.25,166,830,12
"Incredible traffic Sound in Dhaka, Bangl|yolov8n","Incredible traffic Sound in Dhaka, Bangladesh। Rampura  [4K ASMR] #TheSoundofDhaka.mp4",yolov8n.pt,0.25,167,835,10
"Incredible traffic Sound in Dhaka, Bangl|yolov8n","Incredible traffic Sound in Dhaka, Bangladesh। Rampura  [4K ASMR] #TheSoundofDhaka.mp4",yolov8n.pt,0.25,168,840,13
"Incredible traffic Sound in Dhaka, Bangl|yolov8n","Incredible traffic Sound in Dhaka, Bangladesh। Rampura  [4K ASMR] #TheSoundofDhaka.mp4",yolov8n.pt,0.25,169,845,8
"Incredible traffic Sound in Dhaka, Bangl|yolov8n","Incredible traffic Sound in Dhaka, Bangladesh। Rampura  [4K ASMR] #TheSoundofDhaka.mp4",yolov8n.pt,0.25,170,850,12
"Incredible traffic Sound in Dhaka, Bangl|yolov8n","Incredible traffic Sound in Dhaka, Bangladesh। Rampura  [4K ASMR] #TheSoundofDhaka.mp4",yolov8n.pt,0.25,171,855,14
"Incredible traffic Sound in Dhaka, Bangl|yolov8n","Incredible traffic Sound in Dhaka, Bangladesh। Rampura  [4K ASMR] #TheSoundofDhaka.mp4",yolov8n.pt,0.25,172,860,14
"Incredible traffic Sound in Dhaka, Bangl|yolov8n","Incredible traffic Sound in Dhaka, Bangladesh। Rampura  [4K ASMR] #TheSoundofDhaka.mp4",yolov8n.pt,0.25,173,865,8
"Incredible traffic Sound in Dhaka, Bangl|yolov8n","Incredible traffic Sound in Dhaka, Bangladesh। Rampura  [4K ASMR] #TheSoundofDhaka.mp4",yolov8n.pt,0.25,174,870,9
"Incredible traffic Sound in Dhaka, Bangl|yolov8n","Incredible traffic Sound in Dhaka, Bangladesh। Rampura  [4K ASMR] #TheSoundofDhaka.mp4",yolov8n.pt,0.25,175,875,16
"Incredible traffic Sound in Dhaka, Bangl|yolov8n","Incredible traffic Sound in Dhaka, Bangladesh। Rampura  [4K ASMR] #TheSoundofDhaka.mp4",yolov8n.pt,0.25,176,880,12
"Incredible traffic Sound in Dhaka, Bangl|yolov8n","Incredible traffic Sound in Dhaka, Bangladesh। Rampura  [4K ASMR] #TheSoundofDhaka.mp4",yolov8n.pt,0.25,177,885,2
"Incredible traffic Sound in Dhaka, Bangl|yolov8n","Incredible traffic Sound in Dhaka, Bangladesh। Rampura  [4K ASMR] #TheSoundofDhaka.mp4",yolov8n.pt,0.25,178,890,3
"Incredible traffic Sound in Dhaka, Bangl|yolov8n","Incredible traffic Sound in Dhaka, Bangladesh। Rampura  [4K ASMR] #TheSoundofDhaka.mp4",yolov8n.pt,0.25,179,895,3
"Incredible traffic Sound in Dhaka, Bangl|yolov8n","Incredible traffic Sound in Dhaka, Bangladesh। Rampura  [4K ASMR] #TheSoundofDhaka.mp4",yolov8n.pt,0.25,180,900,7
"Incredible traffic Sound in Dhaka, Bangl|yolov8n","Incredible traffic Sound in Dhaka, Bangladesh। Rampura  [4K ASMR] #TheSoundofDhaka.mp4",yolov8n.pt,0.25,181,905,6
"Incredible traffic Sound in Dhaka, Bangl|yolov8n","Incredible traffic Sound in Dhaka, Bangladesh। Rampura  [4K ASMR] #TheSoundofDhaka.mp4",yolov8n.pt,0.25,182,910,9
"Incredible traffic Sound in Dhaka, Bangl|yolov8n","Incredible traffic Sound in Dhaka, Bangladesh। Rampura  [4K ASMR] #TheSoundofDhaka.mp4",yolov8n.pt,0.25,183,915,7
"Incredible traffic Sound in Dhaka, Bangl|yolov8n","Incredible traffic Sound in Dhaka, Bangladesh। Rampura  [4K ASMR] #TheSoundofDhaka.mp4",yolov8n.pt,0.25,184,920,7
"Incredible traffic Sound in Dhaka, Bangl|yolov8n","Incredible traffic Sound in Dhaka, Bangladesh। Rampura  [4K ASMR] #TheSoundofDhaka.mp4",yolov8n.pt,0.25,185,925,11
"Incredible traffic Sound in Dhaka, Bangl|yolov8n","Incredible traffic Sound in Dhaka, Bangladesh। Rampura  [4K ASMR] #TheSoundofDhaka.mp4",yolov8n.pt,0.25,186,930,15
"Incredible traffic Sound in Dhaka, Bangl|yolov8n","Incredible traffic Sound in Dhaka, Bangladesh। Rampura  [4K ASMR] #TheSoundofDhaka.mp4",yolov8n.pt,0.25,187,935,12
"Incredible traffic Sound in Dhaka, Bangl|yolov8n","Incredible traffic Sound in Dhaka, Bangladesh। Rampura  [4K ASMR] #TheSoundofDhaka.mp4",yolov8n.pt,0.25,188,940,9
"Incredible traffic Sound in Dhaka, Bangl|yolov8n","Incredible traffic Sound in Dhaka, Bangladesh। Rampura  [4K ASMR] #TheSoundofDhaka.mp4",yolov8n.pt,0.25,189,945,4
"Incredible traffic Sound in Dhaka, Bangl|yolov8n","Incredible traffic Sound in Dhaka, Bangladesh। Rampura  [4K ASMR] #TheSoundofDhaka.mp4",yolov8n.pt,0.25,190,950,8
"Incredible traffic Sound in Dhaka, Bangl|yolov8n","Incredible traffic Sound in Dhaka, Bangladesh। Rampura  [4K ASMR] #TheSoundofDhaka.mp4",yolov8n.pt,0.25,191,955,11
"Incredible traffic Sound in Dhaka, Bangl|yolov8n","Incredible traffic Sound in Dhaka, Bangladesh। Rampura  [4K ASMR] #TheSoundofDhaka.mp4",yolov8n.pt,0.25,192,960,12
"Incredible traffic Sound in Dhaka, Bangl|yolov8n","Incredible traffic Sound in Dhaka, Bangladesh। Rampura  [4K ASMR] #TheSoundofDhaka.mp4",yolov8n.pt,0.25,193,965,6
"Incredible traffic Sound in Dhaka, Bangl|yolov8n","Incredible traffic Sound in Dhaka, Bangladesh। Rampura  [4K ASMR] #TheSoundofDhaka.mp4",yolov8n.pt,0.25,194,970,8
"Incredible traffic Sound in Dhaka, Bangl|yolov8n","Incredible traffic Sound in Dhaka, Bangladesh। Rampura  [4K ASMR] #TheSoundofDhaka.mp4",yolov8n.pt,0.25,195,975,9
"Incredible traffic Sound in Dhaka, Bangl|yolov8n","Incredible traffic Sound in Dhaka, Bangladesh। Rampura  [4K ASMR] #TheSoundofDhaka.mp4",yolov8n.pt,0.25,196,980,5
"Incredible traffic Sound in Dhaka, Bangl|yolov8n","Incredible traffic Sound in Dhaka, Bangladesh। Rampura  [4K ASMR] #TheSoundofDhaka.mp4",yolov8n.pt,0.25,197,985,7
"Incredible traffic Sound in Dhaka, Bangl|yolov8n","Incredible traffic Sound in Dhaka, Bangladesh। Rampura  [4K ASMR] #TheSoundofDhaka.mp4",yolov8n.pt,0.25,198,990,6
"Incredible traffic Sound in Dhaka, Bangl|yolov8n","Incredible traffic Sound in Dhaka, Bangladesh। Rampura  [4K ASMR] #TheSoundofDhaka.mp4",yolov8n.pt,0.25,199,995,2
"Incredible traffic Sound in Dhaka, Bangl|yolov8n","Incredible traffic Sound in Dhaka, Bangladesh। Rampura  [4K ASMR] #TheSoundofDhaka.mp4",yolov8n.pt,0.25,200,1000,11
"Incredible traffic Sound in Dhaka, Bangl|yolov8n","Incredible traffic Sound in Dhaka, Bangladesh। Rampura  [4K ASMR] #TheSoundofDhaka.mp4",yolov8n.pt,0.25,201,1005,15
"Incredible traffic Sound in Dhaka, Bangl|yolov8n","Incredible traffic Sound in Dhaka, Bangladesh। Rampura  [4K ASMR] #TheSoundofDhaka.mp4",yolov8n.pt,0.25,202,1010,9
"Incredible traffic Sound in Dhaka, Bangl|yolov8n","Incredible traffic Sound in Dhaka, Bangladesh। Rampura  [4K ASMR] #TheSoundofDhaka.mp4",yolov8n.pt,0.25,203,1015,8
"Incredible traffic Sound in Dhaka, Bangl|yolov8n","Incredible traffic Sound in Dhaka, Bangladesh। Rampura  [4K ASMR] #TheSoundofDhaka.mp4",yolov8n.pt,0.25,204,1020,4
"Incredible traffic Sound in Dhaka, Bangl|yolov8n","Incredible traffic Sound in Dhaka, Bangladesh। Rampura  [4K ASMR] #TheSoundofDhaka.mp4",yolov8n.pt,0.25,205,1025,9
"Incredible traffic Sound in Dhaka, Bangl|yolov8n","Incredible traffic Sound in Dhaka, Bangladesh। Rampura  [4K ASMR] #TheSoundofDhaka.mp4",yolov8n.pt,0.25,206,1030,5
"Incredible traffic Sound in Dhaka, Bangl|yolov8n","Incredible traffic Sound in Dhaka, Bangladesh। Rampura  [4K ASMR] #TheSoundofDhaka.mp4",yolov8n.pt,0.25,207,1035,7
"Incredible traffic Sound in Dhaka, Bangl|yolov8n","Incredible traffic Sound in Dhaka, Bangladesh। Rampura  [4K ASMR] #TheSoundofDhaka.mp4",yolov8n.pt,0.25,208,1040,8
"Incredible traffic Sound in Dhaka, Bangl|yolov8n","Incredible traffic Sound in Dhaka, Bangladesh। Rampura  [4K ASMR] #TheSoundofDhaka.mp4",yolov8n.pt,0.25,209,1045,9
"Incredible traffic Sound in Dhaka, Bangl|yolov8n","Incredible traffic Sound in Dhaka, Bangladesh। Rampura  [4K ASMR] #TheSoundofDhaka.mp4",yolov8n.pt,0.25,210,1050,13
"Incredible traffic Sound in Dhaka, Bangl|yolov8n","Incredible traffic Sound in Dhaka, Bangladesh। Rampura  [4K ASMR] #TheSoundofDhaka.mp4",yolov8n.pt,0.25,211,1055,5
"Incredible traffic Sound in Dhaka, Bangl|yolov8n","Incredible traffic Sound in Dhaka, Bangladesh। Rampura  [4K ASMR] #TheSoundofDhaka.mp4",yolov8n.pt,0.25,212,1060,7
"Incredible traffic Sound in Dhaka, Bangl|yolov8n","Incredible traffic Sound in Dhaka, Bangladesh। Rampura  [4K ASMR] #TheSoundofDhaka.mp4",yolov8n.pt,0.25,213,1065,5
"Incredible traffic Sound in Dhaka, Bangl|yolov8n","Incredible traffic Sound in Dhaka, Bangladesh। Rampura  [4K ASMR] #TheSoundofDhaka.mp4",yolov8n.pt,0.25,214,1070,8
"Incredible traffic Sound in Dhaka, Bangl|yolov8n","Incredible traffic Sound in Dhaka, Bangladesh। Rampura  [4K ASMR] #TheSoundofDhaka.mp4",yolov8n.pt,0.25,215,1075,5
"Incredible traffic Sound in Dhaka, Bangl|yolov8n","Incredible traffic Sound in Dhaka, Bangladesh। Rampura  [4K ASMR] #TheSoundofDhaka.mp4",yolov8n.pt,0.25,216,1080,9
"Incredible traffic Sound in Dhaka, Bangl|yolov8n","Incredible traffic Sound in Dhaka, Bangladesh। Rampura  [4K ASMR] #TheSoundofDhaka.mp4",yolov8n.pt,0.25,217,1085,6
"Incredible traffic Sound in Dhaka, Bangl|yolov8n","Incredible traffic Sound in Dhaka, Bangladesh। Rampura  [4K ASMR] #TheSoundofDhaka.mp4",yolov8n.pt,0.25,218,1090,4
"Incredible traffic Sound in Dhaka, Bangl|yolov8n","Incredible traffic Sound in Dhaka, Bangladesh। Rampura  [4K ASMR] #TheSoundofDhaka.mp4",yolov8n.pt,0.25,219,1095,4
"Incredible traffic Sound in Dhaka, Bangl|yolov8n","Incredible traffic Sound in Dhaka, Bangladesh। Rampura  [4K ASMR] #TheSoundofDhaka.mp4",yolov8n.pt,0.25,220,1100,6
"Incredible traffic Sound in Dhaka, Bangl|yolov8n","Incredible traffic Sound in Dhaka, Bangladesh। Rampura  [4K ASMR] #TheSoundofDhaka.mp4",yolov8n.pt,0.25,221,1105,4
"Incredible traffic Sound in Dhaka, Bangl|yolov8n","Incredible traffic Sound in Dhaka, Bangladesh। Rampura  [4K ASMR] #TheSoundofDhaka.mp4",yolov8n.pt,0.25,222,1110,6
"Incredible traffic Sound in Dhaka, Bangl|yolov8n","Incredible traffic Sound in Dhaka, Bangladesh। Rampura  [4K ASMR] #TheSoundofDhaka.mp4",yolov8n.pt,0.25,223,1115,5
"Incredible traffic Sound in Dhaka, Bangl|yolov8n","Incredible traffic Sound in Dhaka, Bangladesh। Rampura  [4K ASMR] #TheSoundofDhaka.mp4",yolov8n.pt,0.25,224,1120,3
"Incredible traffic Sound in Dhaka, Bangl|yolov8n","Incredible traffic Sound in Dhaka, Bangladesh। Rampura  [4K ASMR] #TheSoundofDhaka.mp4",yolov8n.pt,0.25,225,1125,4
"Incredible traffic Sound in Dhaka, Bangl|yolov8n","Incredible traffic Sound in Dhaka, Bangladesh। Rampura  [4K ASMR] #TheSoundofDhaka.mp4",yolov8n.pt,0.25,226,1130,8
"Incredible traffic Sound in Dhaka, Bangl|yolov8n","Incredible traffic Sound in Dhaka, Bangladesh। Rampura  [4K ASMR] #TheSoundofDhaka.mp4",yolov8n.pt,0.25,227,1135,7
"Incredible traffic Sound in Dhaka, Bangl|yolov8n","Incredible traffic Sound in Dhaka, Bangladesh। Rampura  [4K ASMR] #TheSoundofDhaka.mp4",yolov8n.pt,0.25,228,1140,1
"Incredible traffic Sound in Dhaka, Bangl|yolov8n","Incredible traffic Sound in Dhaka, Bangladesh। Rampura  [4K ASMR] #TheSoundofDhaka.mp4",yolov8n.pt,0.25,229,1145,4
"Incredible traffic Sound in Dhaka, Bangl|yolov8n","Incredible traffic Sound in Dhaka, Bangladesh। Rampura  [4K ASMR] #TheSoundofDhaka.mp4",yolov8n.pt,0.25,230,1150,7
"Incredible traffic Sound in Dhaka, Bangl|yolov8n","Incredible traffic Sound in Dhaka, Bangladesh। Rampura  [4K ASMR] #TheSoundofDhaka.mp4",yolov8n.pt,0.25,231,1155,5
"Incredible traffic Sound in Dhaka, Bangl|yolov8n","Incredible traffic Sound in Dhaka, Bangladesh। Rampura  [4K ASMR] #TheSoundofDhaka.mp4",yolov8n.pt,0.25,232,1160,5
"Incredible traffic Sound in Dhaka, Bangl|yolov8n","Incredible traffic Sound in Dhaka, Bangladesh। Rampura  [4K ASMR] #TheSoundofDhaka.mp4",yolov8n.pt,0.25,233,1165,5
"Incredible traffic Sound in Dhaka, Bangl|yolov8n","Incredible traffic Sound in Dhaka, Bangladesh। Rampura  [4K ASMR] #TheSoundofDhaka.mp4",yolov8n.pt,0.25,234,1170,3
"Incredible traffic Sound in Dhaka, Bangl|yolov8n","Incredible traffic Sound in Dhaka, Bangladesh। Rampura  [4K ASMR] #TheSoundofDhaka.mp4",yolov8n.pt,0.25,235,1175,5
"Incredible traffic Sound in Dhaka, Bangl|yolov8n","Incredible traffic Sound in Dhaka, Bangladesh। Rampura  [4K ASMR] #TheSoundofDhaka.mp4",yolov8n.pt,0.25,236,1180,5
"Incredible traffic Sound in Dhaka, Bangl|yolov8n","Incredible traffic Sound in Dhaka, Bangladesh। Rampura  [4K ASMR] #TheSoundofDhaka.mp4",yolov8n.pt,0.25,237,1185,6
"Incredible traffic Sound in Dhaka, Bangl|yolov8n","Incredible traffic Sound in Dhaka, Bangladesh। Rampura  [4K ASMR] #TheSoundofDhaka.mp4",yolov8n.pt,0.25,238,1190,4
"Incredible traffic Sound in Dhaka, Bangl|yolov8n","Incredible traffic Sound in Dhaka, Bangladesh। Rampura  [4K ASMR] #TheSoundofDhaka.mp4",yolov8n.pt,0.25,239,1195,7
"Incredible traffic Sound in Dhaka, Bangl|yolov8n","Incredible traffic Sound in Dhaka, Bangladesh। Rampura  [4K ASMR] #TheSoundofDhaka.mp4",yolov8n.pt,0.25,240,1200,12
"Incredible traffic Sound in Dhaka, Bangl|yolov8n","Incredible traffic Sound in Dhaka, Bangladesh। Rampura  [4K ASMR] #TheSoundofDhaka.mp4",yolov8n.pt,0.25,241,1205,4
