image,true_count,predicted_count,error
frontFar__BLR-2018-03-22_17-39-26_2_frontFar__000240_r,3,1,-2
frontFar__BLR-2018-03-22_17-39-26_2_frontFar__0004380,2,2,0
frontFar__BLR-2018-03-22_17-39-26_2_frontFar__0005760,3,2,-1
frontFar__BLR-2018-03-22_17-39-26_2_frontFar__0006120,4,4,0
frontFar__BLR-2018-03-22_17-39-26_2_frontFar__000630_r,5,5,0
frontFar__BLR-2018-03-22_17-39-26_2_frontFar__000720_r,7,5,-2
frontFar__BLR-2018-03-22_17-39-26_2_frontFar__000756_r,5,6,1
frontFar__BLR-2018-03-22_17-39-26_2_frontFar__0014160,2,2,0
frontFar__BLR-2018-03-22_17-39-26_2_frontFar__0017280,8,10,2
frontFar__BLR-2018-03-22_17-39-26_3_frontFar__0008340,2,2,0
frontFar__BLR-2018-03-22_17-39-26_3_frontFar__000876_r,2,3,1
frontFar__BLR-2018-03-22_17-39-26_3_frontFar__0008820,1,1,0
frontFar__BLR-2018-03-22_17-39-26_3_frontFar__0009900,2,2,0
frontFar__BLR-2018-03-22_17-39-26_3_frontFar__0010680,2,2,0
frontFar__BLR-2018-03-22_17-39-26_3_frontFar__0010800,1,1,0
frontFar__BLR-2018-03-22_17-39-26_3_frontFar__0010920,1,1,0
frontFar__BLR-2018-04-16_15-24-27_frontFar__0000960,0,0,0
frontFar__BLR-2018-04-16_15-24-27_frontFar__0009480,7,13,6
frontFar__BLR-2018-04-16_15-24-27_frontFar__0014040,3,3,0
frontFar__BLR-2018-04-16_15-44-27_frontFar__000192_r,0,0,0
frontFar__BLR-2018-04-16_15-44-27_frontFar__000720_r,0,0,0
frontFar__BLR-2018-04-16_15-44-27_frontFar__0007560,0,0,0
frontFar__BLR-2018-04-16_15-44-27_frontFar__001254_r,1,1,0
frontFar__BLR-2018-04-16_15-44-27_frontFar__0013560,1,1,0
frontFar__BLR-2018-04-16_15-54-27_frontFar__0001140,3,1,-2
frontFar__BLR-2018-04-16_15-54-27_frontFar__000126_r,4,5,1
frontFar__BLR-2018-04-16_15-54-27_frontFar__000732_r,1,1,0
frontFar__BLR-2018-04-16_16-04-27_frontFar__0016800,4,3,-1
frontFar__BLR-2018-04-16_16-04-27_frontFar__0017040,2,2,0
frontFar__BLR-2018-04-19_17-26-55_frontFar__0003960,1,1,0
frontFar__BLR-2018-04-19_17-26-55_frontFar__0006480,1,0,-1
frontFar__BLR-2018-04-19_17-26-55_frontFar__000768_r,1,1,0
frontFar__BLR-2018-04-19_17-26-55_frontFar__0007860,1,1,0
frontFar__BLR-2018-04-19_17-26-55_frontFar__0010320,1,2,1
frontFar__BLR-2018-04-19_17-26-55_frontFar__0010500,2,2,0
frontFar__BLR-2018-04-19_17-36-55_frontFar__000228_r,2,2,0
frontFar__BLR-2018-04-19_17-36-55_frontFar__000264_r,1,1,0
frontFar__BLR-2018-04-19_17-36-55_frontFar__0006660,5,4,-1
frontFar__BLR-2018-04-19_17-36-55_frontFar__000822_r,3,2,-1
frontFar__BLR-2018-04-19_17-36-55_frontFar__0015360,1,1,0
frontFar__BLR-2018-04-19_17-36-55_frontFar__001578_r,1,1,0
frontFar__BLR-2018-04-19_17-36-55_frontFar__001584_r,1,1,0
frontFar__BLR-2018-04-19_17-36-55_frontFar__0016740,2,2,0
frontFar__BLR-2018-04-19_17-56-55_frontFar__0000960,0,0,0
frontFar__BLR-2018-04-19_17-56-55_frontFar__000540_r,0,0,0
frontFar__BLR-2018-04-19_17-56-55_frontFar__000816_r,0,0,0
frontFar__BLR-2018-04-19_17-56-55_frontFar__0009420,1,0,-1
frontFar__BLR-2018-04-19_17-56-55_frontFar__001722_r,2,1,-1
frontFar__BLR-2018-04-19_18-06-55_frontFar__0002100,1,1,0
frontFar__BLR-2018-04-19_18-06-55_frontFar__0010020,5,4,-1
frontFar__BLR-2018-04-19_18-06-55_frontFar__0010140,2,1,-1
frontFar__BLR-2018-04-19_18-06-55_frontFar__001014_r,2,2,0
frontFar__BLR-2018-04-19_18-06-55_frontFar__001452_r,1,1,0
frontFar__BLR-2018-04-19_18-06-55_frontFar__0017880,0,0,0
frontFar__BLR-2018-04-26_12-50-01_frontFar__0015780,7,5,-2
frontFar__BLR-2018-04-26_13-40-01_frontFar__000222_r,4,3,-1
frontFar__BLR-2018-04-26_13-40-01_frontFar__000366_r,1,1,0
frontFar__BLR-2018-04-26_13-40-01_frontFar__0007620,12,10,-2
frontNear__BLR-2018-03-22_17-39-26_3_frontNear__000312_r,4,4,0
frontNear__BLR-2018-03-22_17-39-26_3_frontNear__000498_r,2,1,-1
frontNear__BLR-2018-03-22_17-39-26_3_frontNear__000534_r,3,5,2
frontNear__BLR-2018-04-16_16-04-27_frontNear__0002040,1,1,0
frontNear__BLR-2018-04-16_16-04-27_frontNear__0003240,2,2,0
frontNear__BLR-2018-04-16_16-04-27_frontNear__0007680,1,1,0
frontNear__BLR-2018-04-16_16-14-27_frontNear__0000240,1,1,0
frontNear__BLR-2018-04-16_16-14-27_frontNear__0000360,2,2,0
frontNear__BLR-2018-04-16_16-14-27_frontNear__0000720,1,1,0
frontNear__BLR-2018-04-16_16-14-27_frontNear__000072_r,1,1,0
frontNear__BLR-2018-04-16_16-14-27_frontNear__000150_r,4,1,-3
frontNear__BLR-2018-04-16_16-14-27_frontNear__000186_r,1,0,-1
frontNear__BLR-2018-04-19_17-06-55_frontNear__0006240,1,0,-1
frontNear__BLR-2018-04-19_17-06-55_frontNear__000756_r,2,2,0
frontNear__BLR-2018-04-19_17-06-55_frontNear__000792_r,3,2,-1
frontNear__BLR-2018-04-19_17-06-55_frontNear__000876_r,0,1,1
frontNear__BLR-2018-04-19_17-26-55_frontNear__000522_r,2,1,-1
frontNear__BLR-2018-04-19_17-36-55_frontNear__0000420,2,1,-1
frontNear__BLR-2018-04-19_17-36-55_frontNear__000138_r,1,0,-1
frontNear__BLR-2018-04-19_17-36-55_frontNear__0001740,2,0,-2
frontNear__BLR-2018-04-19_17-36-55_frontNear__000492_r,3,0,-3
frontNear__BLR-2018-04-19_17-36-55_frontNear__000498_r,2,0,-2
frontNear__BLR-2018-04-19_17-36-55_frontNear__0006660,2,2,0
frontNear__BLR-2018-04-19_17-36-55_frontNear__0008340,2,2,0
frontNear__BLR-2018-04-19_17-46-55_frontNear__000618_r,1,0,-1
frontNear__BLR-2018-04-19_17-46-55_frontNear__000774_r,0,1,1
frontNear__BLR-2018-04-19_18-16-55_frontNear__0004140,3,2,-1
frontNear__BLR-2018-04-26_12-40-01_frontNear__0002880,15,16,1
frontNear__BLR-2018-04-26_12-50-01_frontNear__0007800,10,5,-5
frontNear__BLR-2018-05-07_12-01-06_frontNear__0007020,11,11,0
frontNear__BLR-2018-05-14_11-48-09_frontNear__000360_r,5,5,0
frontNear__BLR-2018-05-14_13-38-46_frontNear__000156_r,1,1,0
frontNear__BLR-2018-05-14_13-38-46_frontNear__000372_r,5,5,0
frontNear__BLR-2018-05-14_13-38-46_frontNear__0004140,1,1,0
frontNear__BLR-2018-05-14_13-59-12_frontNear__000510_r,3,4,1
frontNear__BLR-2018-05-17_15-23-02_frontNear__000504_r,1,1,0
frontNear__BLR-2018-05-17_16-22-00_frontNear__0000240,6,6,0
frontNear__BLR-2018-05-17_16-22-00_frontNear__000150_r,7,7,0
frontNear__BLR-2018-05-17_16-32-30_frontNear__000360_r,3,3,0
frontNear__BLR-2018-05-17_16-39-05_frontNear__000024_r,3,2,-1
frontNear__BLR-2018-05-17_16-39-05_frontNear__000090_r,0,0,0
frontNear__BLR-2018-05-17_16-39-05_frontNear__000414_r,3,0,-3
frontNear__BLR-2018-05-22_11-54-07_frontNear__0006135,9,7,-2
frontNear__BLR-2018-05-22_12-04-54_frontNear__0008430,8,7,-1
frontNear__BLR-2018-05-22_12-04-54_frontNear__001090_r,9,4,-5
frontNear__BLR-2018-05-22_12-24-44_frontNear__000280_r,8,10,2
frontNear__BLR-2018-05-23_12-45-57_frontNear__0008460,2,2,0
frontNear__BLR-2018-05-29_10-49-32_frontNear__0005505,4,4,0
frontNear__BLR-2018-05-29_10-49-32_frontNear__0005865,0,0,0
frontNear__BLR-2018-05-29_10-49-32_frontNear__0006000,2,2,0
frontNear__BLR-2018-05-29_10-49-32_frontNear__000609_r,1,1,0
frontNear__BLR-2018-05-29_10-49-32_frontNear__0006585,4,5,1
frontNear__BLR-2018-05-29_10-59-01_frontNear__0001995,2,1,-1
frontNear__BLR-2018-05-29_10-59-01_frontNear__000235_r,6,3,-3
frontNear__BLR-2018-05-29_10-59-01_frontNear__0005775,1,1,0
frontNear__BLR-2018-05-29_11-08-34_frontNear__0003120,3,3,0
frontNear__BLR-2018-05-29_11-08-34_frontNear__0003255,3,3,0
frontNear__BLR-2018-05-29_11-08-34_frontNear__000379_r,1,1,0
frontNear__BLR-2018-05-29_11-08-34_frontNear__0004110,2,2,0
frontNear__BLR-2018-05-29_11-08-34_frontNear__0008925,7,8,1
frontNear__BLR-2018-05-29_11-55-34_frontNear__0001725,2,2,0
frontNear__BLR-2018-06-05_08-28-17_frontNear__0004560,5,4,-1
frontNear__BLR-2018-06-05_08-28-17_frontNear__0008385,4,5,1
frontNear__BLR-2018-06-05_08-28-17_frontNear__0009195,3,3,0
frontNear__BLR-2018-06-05_08-50-18_frontNear__0002805,1,1,0
frontNear__BLR-2018-06-05_08-50-18_frontNear__0006855,7,8,1
frontNear__BLR-2018-06-05_08-50-18_frontNear__0008160,5,5,0
frontNear__BLR-2018-06-05_08-50-18_frontNear__0008385,5,5,0
frontNear__BLR-2018-06-05_08-50-18_frontNear__000960_r,5,5,0
frontNear__BLR-2018-06-05_08-50-18_frontNear__001351_r,5,6,1
highquality_16k__2018-05-31_11-10-16__2018-05-31_11-12-39-265657_leftImg8bit,30,24,-6
highquality_16k__2018-05-31_11-10-16__2018-05-31_11-14-48-904331_leftImg8bit,24,18,-6
highquality_16k__2018-05-31_13-01-28__2018-05-31_13-11-21-112366_leftImg8bit,15,12,-3
highquality_16k__2018-05-31_13-01-28__2018-05-31_13-18-11-691843_leftImg8bit,19,12,-7
highquality_16k__2018-05-31_13-01-28__2018-05-31_13-22-28-982835_leftImg8bit,13,11,-2
highquality_16k__BLR-2018-04-02_16-27-59__0001602,0,0,0
highquality_16k__BLR-2018-04-02_16-27-59__0005534,0,0,0
highquality_16k__BLR-2018-04-02_16-27-59__0007321,0,2,2
highquality_16k__BLR-2018-04-02_16-47-59__0001499,2,1,-1
highquality_16k__BLR-2018-04-02_16-47-59__0002549,0,0,0
highquality_16k__BLR-2018-04-02_17-07-59__0006730,12,4,-8
highquality_16k__BLR-2018-04-02_17-07-59__0008530,9,5,-4
highquality_16k__BLR-2018-04-02_17-17-59__0002549,23,19,-4
highquality_16k__BLR-2018-04-16_15-24-27__0001135,1,1,0
highquality_16k__BLR-2018-04-16_15-24-27__0004274,6,5,-1
highquality_16k__BLR-2018-04-16_15-34-27__0001700,4,6,2
highquality_16k__BLR-2018-04-16_15-34-27__0003286,5,3,-2
highquality_16k__BLR-2018-04-16_15-34-27__0005836,2,1,-1
highquality_16k__BLR-2018-04-16_15-34-27__0007053,8,5,-3
highquality_16k__BLR-2018-04-16_15-34-27__0008403,12,7,-5
highquality_16k__BLR-2018-04-16_15-44-27__0002031,1,1,0
highquality_16k__BLR-2018-04-16_16-14-27__0000299,1,1,0
highquality_16k__BLR-2018-04-16_16-14-27__0000958,1,0,-1
highquality_16k__BLR-2018-04-16_16-14-27__0005335,5,2,-3
highquality_16k__BLR-2018-04-16_16-14-27__0006235,14,8,-6
highquality_16k__BLR-2018-04-16_16-14-27__0007854,6,5,-1
highquality_16k__BLR-2018-04-16_16-14-27__0008527,2,3,1
highquality_16k__BLR-2018-04-19_17-16-55__0004949,0,0,0
highquality_16k__BLR-2018-04-19_17-16-55__0005249,0,0,0
highquality_16k__BLR-2018-04-19_17-26-55__0005608,0,0,0
highquality_16k__BLR-2018-04-19_17-26-55__0008758,1,0,-1
highquality_16k__BLR-2018-04-19_17-36-55__0005848,3,0,-3
highquality_16k__BLR-2018-04-19_17-36-55__0008098,1,1,0
highquality_16k__BLR-2018-04-19_17-36-55__0008248,3,2,-1
highquality_16k__BLR-2018-04-19_17-46-55__0005548,3,1,-2
highquality_16k__BLR-2018-04-19_17-46-55__0006448,2,1,-1
highquality_16k__BLR-2018-04-19_18-06-55__0007198,2,2,0
highquality_16k__BLR-2018-04-25_08-49-01_frontNear_left__0000210,6,7,1
highquality_16k__BLR-2018-04-25_08-49-01_frontNear_left__0005310,17,15,-2
highquality_16k__BLR-2018-04-25_09-00-13_frontNear_left__0002310,11,10,-1
highquality_16k__BLR-2018-04-25_09-00-13_frontNear_left__0005610,14,8,-6
highquality_16k__BLR-2018-04-25_09-23-33_frontNear_left__0006210,20,11,-9
highquality_16k__BLR-2018-04-25_13-30-42_frontNear_left__0009510,15,7,-8
highquality_16k__BLR-2018-04-26_13-20-01_frontNear_left__0004260,36,25,-11
highquality_16k__BLR-2018-04-26_13-20-01_frontNear_left__0008910,37,21,-16
highquality_16k__BLR-2018-04-26_13-35-08_frontNear_left__0007410,16,14,-2
highquality_16k__BLR-2018-04-26_13-47-52_frontNear_left__0003960,20,17,-3
highquality_16k__BLR-2018-04-26_13-47-52_frontNear_left__0006210,6,5,-1
highquality_16k__BLR-2018-04-26_13-47-52_frontNear_left__0008010,14,11,-3
highquality_16k__BLR-2018-04-26_13-47-52_frontNear_left__0008610,5,4,-1
highquality_16k__BLR-2018-04-26_14-10-59_frontNear_left__0003210,6,2,-4
highquality_16k__BLR-2018-04-30_13-29-45_frontNear_left__0002310,17,10,-7
highquality_16k__BLR-2018-05-03_14-05-29__0000896,20,12,-8
highquality_16k__BLR-2018-05-03_14-05-29__0001976,35,26,-9
highquality_16k__BLR-2018-05-03_14-05-29__0005666,21,15,-6
highquality_16k__BLR-2018-05-03_14-05-29__0007667,20,16,-4
highquality_16k__BLR-2018-05-03_14-05-29_rearNear_left__0001658,18,15,-3
highquality_16k__BLR-2018-05-03_14-05-29_rearNear_left__0002420,18,15,-3
highquality_16k__BLR-2018-05-03_14-05-29_rearNear_left__0003789,15,13,-2
highquality_16k__BLR-2018-05-03_14-05-29_rearNear_left__0004594,20,15,-5
highquality_16k__BLR-2018-05-03_14-05-29_rearNear_left__0005117,11,9,-2
highquality_16k__BLR-2018-05-03_14-05-29_rearNear_left__0006529,28,26,-2
highquality_16k__BLR-2018-05-03_14-05-29_rearNear_left__0007994,21,18,-3
highquality_16k__BLR-2018-05-03_14-05-29_sideLeft_left__0001668,8,13,5
highquality_16k__BLR-2018-05-03_14-05-29_sideLeft_left__0001921,14,11,-3
highquality_16k__BLR-2018-05-03_14-05-29_sideLeft_left__0003522,9,9,0
highquality_16k__BLR-2018-05-03_14-05-29_sideLeft_left__0003775,12,11,-1
highquality_16k__BLR-2018-05-03_14-05-29_sideLeft_left__0003924,10,13,3
highquality_16k__BLR-2018-05-03_14-05-29_sideLeft_left__0004433,6,6,0
highquality_16k__BLR-2018-05-03_14-05-29_sideLeft_left__0007096,5,7,2
highquality_16k__BLR-2018-05-03_14-05-29_sideLeft_right__0000520,8,5,-3
highquality_16k__BLR-2018-05-03_14-05-29_sideLeft_right__0002754,2,1,-1
highquality_16k__BLR-2018-05-03_14-05-29_sideLeft_right__0004008,12,16,4
highquality_16k__BLR-2018-05-03_14-05-29_sideLeft_right__0004247,5,6,1
highquality_16k__BLR-2018-05-03_14-05-29_sideLeft_right__0005085,0,0,0
highquality_16k__BLR-2018-05-03_14-05-29_sideLeft_right__0006173,11,10,-1
highquality_16k__BLR-2018-05-03_14-05-29_sideLeft_right__0006778,8,11,3
highquality_16k__BLR-2018-05-03_14-05-29_sideLeft_right__0007228,5,5,0
highquality_16k__BLR-2018-05-03_14-05-29_sideLeft_right__0008409,12,12,0
highquality_16k__BLR-2018-05-03_14-05-29_sideLeft_right__0008873,17,17,0
highquality_16k__BLR-2018-05-03_14-05-29_sideRight_left__0000150,8,6,-2
highquality_16k__BLR-2018-05-03_14-05-29_sideRight_left__0001410,19,16,-3
highquality_16k__BLR-2018-05-03_14-05-29_sideRight_left__0007620,9,10,1
highquality_16k__BLR-2018-05-03_14-05-29_sideRight_left__0007980,5,2,-3
highquality_16k__BLR-2018-05-03_14-05-29_sideRight_right__0000555,3,2,-1
highquality_16k__BLR-2018-05-03_14-05-29_sideRight_right__0000915,10,8,-2
highquality_16k__BLR-2018-05-03_14-05-29_sideRight_right__0003359,1,1,0
highquality_16k__BLR-2018-05-03_14-05-29_sideRight_right__0003854,8,7,-1
highquality_16k__BLR-2018-05-03_14-05-29_sideRight_right__0006388,14,9,-5
highquality_16k__BLR-2018-05-03_14-05-29_sideRight_right__0006849,3,2,-1
highquality_16k__BLR-2018-05-03_14-05-29_sideRight_right__0007929,8,7,-1
highquality_16k__BLR-2018-05-03_14-15-50_rearNear_left__0001005,10,10,0
highquality_16k__BLR-2018-05-03_14-15-50_rearNear_left__0002715,18,12,-6
highquality_16k__BLR-2018-05-03_14-15-50_rearNear_left__0003120,26,18,-8
highquality_16k__BLR-2018-05-03_14-15-50_rearNear_left__0003615,22,7,-15
highquality_16k__BLR-2018-05-03_14-15-50_rearNear_left__0007575,20,15,-5
highquality_16k__BLR-2018-05-03_14-15-50_rearNear_left__0008385,15,13,-2
highquality_16k__BLR-2018-05-03_14-15-50_rearNear_left__0009285,27,14,-13
highquality_16k__BLR-2018-05-03_14-15-50_rearNear_right__0000105,9,9,0
highquality_16k__BLR-2018-05-03_14-15-50_rearNear_right__0002099,18,18,0
highquality_16k__BLR-2018-05-03_14-15-50_rearNear_right__0003657,9,6,-3
highquality_16k__BLR-2018-05-03_14-15-50_rearNear_right__0005907,2,2,0
highquality_16k__BLR-2018-05-03_14-15-50_sideLeft_left__0000915,6,5,-1
highquality_16k__BLR-2018-05-03_14-15-50_sideLeft_left__0002850,13,9,-4
highquality_16k__BLR-2018-05-03_14-15-50_sideLeft_left__0004425,4,5,1
highquality_16k__BLR-2018-05-03_14-15-50_sideLeft_left__0005550,9,6,-3
highquality_16k__BLR-2018-05-03_14-15-50_sideLeft_left__0008250,9,8,-1
highquality_16k__BLR-2018-05-03_14-15-50_sideLeft_left__0008340,11,10,-1
highquality_16k__BLR-2018-05-03_14-15-50_sideLeft_left__0008655,7,3,-4
highquality_16k__BLR-2018-05-03_14-15-50_sideLeft_right__0001123,20,15,-5
highquality_16k__BLR-2018-05-03_14-15-50_sideLeft_right__0005378,11,8,-3
highquality_16k__BLR-2018-05-03_14-15-50_sideLeft_right__0005783,9,7,-2
highquality_16k__BLR-2018-05-03_14-15-50_sideLeft_right__0006008,17,15,-2
highquality_16k__BLR-2018-05-03_14-15-50_sideLeft_right__0006975,6,5,-1
highquality_16k__BLR-2018-05-03_14-15-50_sideLeft_right__0007425,3,4,1
highquality_16k__BLR-2018-05-03_14-15-50_sideLeft_right__0007515,3,2,-1
highquality_16k__BLR-2018-05-03_14-15-50_sideRight_right__0000105,1,1,0
highquality_16k__BLR-2018-05-03_14-15-50_sideRight_right__0002535,3,3,0
highquality_16k__BLR-2018-05-03_14-15-50_sideRight_right__0002805,3,3,0
highquality_16k__BLR-2018-05-03_14-15-50_sideRight_right__0003750,1,1,0
highquality_16k__BLR-2018-05-03_14-15-50_sideRight_right__0003840,1,1,0
highquality_16k__BLR-2018-05-03_14-15-50_sideRight_right__0004650,4,5,1
highquality_16k__BLR-2018-05-03_14-15-50_sideRight_right__0004785,4,4,0
highquality_16k__BLR-2018-05-03_14-15-50_sideRight_right__0005145,3,3,0
highquality_16k__BLR-2018-05-03_14-15-50_sideRight_right__0005190,3,3,0
highquality_16k__BLR-2018-05-03_14-15-50_sideRight_right__0007395,2,2,0
highquality_16k__BLR-2018-05-03_14-15-50_sideRight_right__0007980,2,3,1
highquality_16k__BLR-2018-05-03_14-26-52_rearNear_right__0000389,20,12,-8
highquality_16k__BLR-2018-05-03_14-26-52_rearNear_right__0001168,7,4,-3
highquality_16k__BLR-2018-05-03_14-26-52_rearNear_right__0003955,8,6,-2
highquality_16k__BLR-2018-05-03_14-26-52_rearNear_right__0004225,9,7,-2
highquality_16k__BLR-2018-05-03_14-26-52_rearNear_right__0005976,11,10,-1
highquality_16k__BLR-2018-05-03_14-26-52_sideLeft_left__0007347,3,3,0
highquality_16k__BLR-2018-05-03_14-26-52_sideLeft_left__0007572,4,6,2
highquality_16k__BLR-2018-05-03_14-26-52_sideLeft_left__0007842,7,3,-4
highquality_16k__BLR-2018-05-03_14-26-52_sideLeft_left__0008742,7,5,-2
highquality_16k__BLR-2018-05-03_14-26-52_sideLeft_right__0001140,11,7,-4
highquality_16k__BLR-2018-05-03_14-26-52_sideLeft_right__0001905,13,13,0
highquality_16k__BLR-2018-05-03_14-26-52_sideLeft_right__0003120,10,9,-1
highquality_16k__BLR-2018-05-03_14-26-52_sideLeft_right__0007350,3,3,0
highquality_16k__BLR-2018-05-03_14-26-52_sideLeft_right__0007665,6,7,1
highquality_16k__BLR-2018-05-03_14-26-52_sideLeft_right__0008655,5,4,-1
highquality_16k__BLR-2018-05-03_14-26-52_sideLeft_right__0008970,6,5,-1
highquality_16k__BLR-2018-05-03_14-26-52_sideLeft_right__0009105,3,3,0
highquality_16k__BLR-2018-05-03_14-39-45_rearNear_left__0003525,10,9,-1
highquality_16k__BLR-2018-05-03_14-39-45_rearNear_right__0003480,10,11,1
highquality_16k__BLR-2018-05-03_14-39-45_sideLeft_left__0002130,2,2,0
highquality_16k__BLR-2018-05-03_14-39-45_sideLeft_left__0003300,6,5,-1
highquality_16k__BLR-2018-05-03_14-39-45_sideLeft_left__0003795,8,9,1
highquality_16k__BLR-2018-05-03_14-39-45_sideLeft_left__0005775,2,1,-1
highquality_16k__BLR-2018-05-03_14-39-45_sideLeft_left__0006225,2,2,0
highquality_16k__BLR-2018-05-03_14-39-45_sideLeft_left__0006945,7,6,-1
highquality_16k__BLR-2018-05-03_14-39-45_sideLeft_left__0008205,17,12,-5
highquality_16k__BLR-2018-05-03_14-39-45_sideRight_left__0003239,0,0,0
highquality_16k__BLR-2018-05-03_14-39-45_sideRight_left__0004077,6,4,-2
highquality_16k__BLR-2018-05-03_14-39-45_sideRight_right__0000735,7,7,0
highquality_16k__BLR-2018-05-03_14-39-45_sideRight_right__0002085,14,14,0
highquality_16k__BLR-2018-05-03_14-39-45_sideRight_right__0003795,0,0,0
highquality_16k__BLR-2018-05-03_14-39-45_sideRight_right__0005055,2,2,0
highquality_16k__BLR-2018-05-03_14-39-45_sideRight_right__0005595,7,8,1
highquality_16k__BLR-2018-05-03_14-39-45_sideRight_right__0006270,7,6,-1
highquality_16k__BLR-2018-05-03_14-39-45_sideRight_right__0006360,3,3,0
highquality_16k__BLR-2018-05-03_14-39-45_sideRight_right__0006720,8,8,0
highquality_16k__BLR-2018-05-03_14-39-45_sideRight_right__0008520,7,7,0
highquality_16k__BLR-2018-05-11_13-42-30__0003982,11,8,-3
highquality_16k__BLR-2018-05-11_13-42-30__0005782,16,12,-4
highquality_16k__BLR-2018-05-11_13-42-30__0005872,16,6,-10
highquality_16k__BLR-2018-05-11_13-42-30_rearNear_left__0000105,12,14,2
highquality_16k__BLR-2018-05-11_13-42-30_rearNear_left__0000375,28,26,-2
highquality_16k__BLR-2018-05-11_13-42-30_rearNear_left__0001151,18,20,2
highquality_16k__BLR-2018-05-11_13-42-30_rearNear_left__0002292,10,9,-1
highquality_16k__BLR-2018-05-11_13-42-30_rearNear_left__0002337,10,10,0
highquality_16k__BLR-2018-05-11_13-42-30_rearNear_left__0002500,11,9,-2
highquality_16k__BLR-2018-05-11_13-42-30_rearNear_left__0002559,12,11,-1
highquality_16k__BLR-2018-05-11_13-42-30_rearNear_left__0004460,15,14,-1
highquality_16k__BLR-2018-05-11_13-42-30_rearNear_left__0005855,11,11,0
highquality_16k__BLR-2018-05-11_13-42-30_rearNear_left__0006170,10,9,-1
highquality_16k__BLR-2018-05-11_13-42-30_rearNear_left__0006814,10,10,0
highquality_16k__BLR-2018-05-11_13-42-30_rearNear_left__0007351,14,14,0
highquality_16k__BLR-2018-05-11_13-42-30_rearNear_right__0002040,6,5,-1
highquality_16k__BLR-2018-05-11_13-42-30_rearNear_right__0002760,13,14,1
highquality_16k__BLR-2018-05-11_13-42-30_sideLeft_left__0000510,22,14,-8
highquality_16k__BLR-2018-05-11_13-42-30_sideLeft_left__0001095,27,17,-10
highquality_16k__BLR-2018-05-11_13-42-30_sideLeft_left__0001320,3,0,-3
highquality_16k__BLR-2018-05-11_13-42-30_sideLeft_left__0001590,1,1,0
highquality_16k__BLR-2018-05-11_13-42-30_sideLeft_left__0003030,12,5,-7
highquality_16k__BLR-2018-05-11_13-42-30_sideLeft_left__0003660,3,2,-1
highquality_16k__BLR-2018-05-11_13-42-30_sideLeft_left__0004380,1,0,-1
highquality_16k__BLR-2018-05-11_13-42-30_sideLeft_right__0001185,3,3,0
highquality_16k__BLR-2018-05-11_13-42-30_sideLeft_right__0001545,2,2,0
highquality_16k__BLR-2018-05-11_13-42-30_sideLeft_right__0002490,5,3,-2
highquality_16k__BLR-2018-05-11_13-42-30_sideLeft_right__0002940,5,3,-2
highquality_16k__BLR-2018-05-11_13-42-30_sideLeft_right__0005415,10,9,-1
highquality_16k__BLR-2018-05-11_13-42-30_sideLeft_right__0005505,7,9,2
highquality_16k__BLR-2018-05-11_13-42-30_sideLeft_right__0005730,9,6,-3
highquality_16k__BLR-2018-05-11_13-42-30_sideLeft_right__0006810,4,1,-3
highquality_16k__BLR-2018-05-11_13-42-30_sideLeft_right__0007080,6,4,-2
highquality_16k__BLR-2018-05-11_13-42-30_sideLeft_right__0007395,11,8,-3
highquality_16k__BLR-2018-05-11_13-42-30_sideRight_right__0001511,4,2,-2
highquality_16k__BLR-2018-05-11_13-42-30_sideRight_right__0001961,8,6,-2
highquality_16k__BLR-2018-05-11_13-42-30_sideRight_right__0002231,10,9,-1
highquality_16k__BLR-2018-05-11_13-42-30_sideRight_right__0002411,10,7,-3
highquality_16k__BLR-2018-05-11_13-42-30_sideRight_right__0002636,9,9,0
highquality_16k__BLR-2018-05-11_13-42-30_sideRight_right__0002951,7,7,0
highquality_16k__BLR-2018-05-11_13-42-30_sideRight_right__0003086,5,5,0
highquality_16k__BLR-2018-05-11_13-42-30_sideRight_right__0006155,2,2,0
highquality_16k__BLR-2018-05-11_13-42-30_sideRight_right__0006200,6,4,-2
highquality_16k__BLR-2018-05-11_13-42-30_sideRight_right__0006664,2,2,0
highquality_16k__BLR-2018-05-11_13-53-01__0000959,16,19,3
highquality_16k__BLR-2018-05-11_13-53-01__0003418,19,14,-5
highquality_16k__BLR-2018-05-11_13-53-01__0005147,21,15,-6
highquality_16k__BLR-2018-05-11_13-53-01__0005206,20,16,-4
highquality_16k__BLR-2018-05-11_13-53-01_sideLeft_left__0000510,10,11,1
highquality_16k__BLR-2018-05-11_13-53-01_sideLeft_left__0002085,2,2,0
highquality_16k__BLR-2018-05-11_13-53-01_sideLeft_left__0003615,5,5,0
highquality_16k__BLR-2018-05-11_13-53-01_sideLeft_right__0001860,0,0,0
highquality_16k__BLR-2018-05-11_13-53-01_sideLeft_right__0002535,4,2,-2
highquality_16k__BLR-2018-05-11_14-09-20__0004988,23,20,-3
highquality_16k__BLR-2018-05-11_14-09-20_rearNear_left__0000105,15,8,-7
highquality_16k__BLR-2018-05-11_14-09-20_rearNear_left__0001950,21,14,-7
highquality_16k__BLR-2018-05-11_14-09-20_rearNear_left__0003390,4,6,2
highquality_16k__BLR-2018-05-11_14-09-20_rearNear_left__0005820,7,7,0
highquality_16k__BLR-2018-05-11_14-09-20_sideLeft_left__0000645,1,1,0
highquality_16k__BLR-2018-05-11_14-09-20_sideLeft_left__0002445,1,1,0
highquality_16k__BLR-2018-05-11_14-09-20_sideLeft_right__0000150,12,15,3
highquality_16k__BLR-2018-05-11_14-09-20_sideLeft_right__0000735,5,2,-3
highquality_16k__BLR-2018-05-11_14-09-20_sideLeft_right__0000915,8,3,-5
highquality_16k__BLR-2018-05-11_14-09-20_sideLeft_right__0002189,9,6,-3
highquality_16k__BLR-2018-05-11_14-09-20_sideLeft_right__0002698,9,8,-1
highquality_16k__BLR-2018-05-11_14-09-20_sideLeft_right__0004604,10,10,0
highquality_16k__BLR-2018-05-11_14-09-20_sideLeft_right__0005293,2,2,0
highquality_16k__BLR-2018-05-11_14-09-20_sideLeft_right__0005802,9,3,-6
highquality_16k__BLR-2018-05-11_14-09-20_sideRight_left__0000420,22,21,-1
highquality_16k__BLR-2018-05-11_14-09-20_sideRight_left__0000600,3,3,0
highquality_16k__BLR-2018-05-11_14-09-20_sideRight_left__0002310,14,10,-4
highquality_16k__BLR-2018-05-11_14-09-20_sideRight_right__0000555,4,4,0
highquality_16k__BLR-2018-05-11_14-09-20_sideRight_right__0001905,7,4,-3
highquality_16k__BLR-2018-05-11_14-09-20_sideRight_right__0005550,4,3,-1
highquality_16k__BLR-2018-05-23_13-31-36__2018-05-23_13-32-18-467934_leftImg8bit,17,13,-4
highquality_16k__BLR-2018-05-23_13-31-36__2018-05-23_13-34-1-062689_leftImg8bit,17,19,2
highquality_16k__BLR-2018-05-31_10-59-49__2018-05-31_11-1-54-450939_leftImg8bit,24,21,-3
highquality_16k__BLR-2018-05-31_10-59-49__2018-05-31_11-6-56-827487_leftImg8bit,1,4,3
highquality_16k__BLR-2018-06-05_08-50-18__0001987,10,7,-3
highquality_16k__BLR-2018-06-05_08-50-18__0007450,5,5,0
highquality_16k__BLR-2018-06-06_16-00-01__0002929,12,9,-3
highquality_16k__BLR-2018-06-06_16-00-01__0007112,22,27,5
highquality_16k__BLR-2018-06-06_16-20-12__0005477,28,17,-11
highquality_16k__BLR-2018-06-06_16-20-12__0007727,32,16,-16
highquality_16k__BLR-2018-06-06_16-30-25__0006623,25,19,-6
highquality_16k__BLR-2018-06-06_16-30-25__0008690,19,13,-6
highquality_16k__BLR-2018-06-06_16-41-17__0002121,15,12,-3
highquality_16k__BLR-2018-06-06_16-41-17__0006117,43,27,-16
highquality_16k__BLR-2018-06-06_16-41-17__0008067,13,10,-3
highquality_16k__BLR-2018-06-19-06-21-44_part_11__0001424,16,12,-4
highquality_16k__BLR-2018-06-19-06-21-44_part_11__0001649,19,17,-2
highquality_16k__BLR-2018-06-19-06-21-44_part_14__0001362,14,10,-4
highquality_16k__BLR-2018-06-19-06-21-44_part_17__0000010,30,19,-11
highquality_16k__BLR-2018-06-19-06-21-44_part_18__0000074,14,14,0
highquality_16k__BLR-2018-06-19-06-21-44_part_18__0000374,17,14,-3
highquality_16k__BLR-2018-06-19-06-21-44_part_19__0001167,12,13,1
highquality_16k__BLR-2018-06-19-06-21-44_part_19__0001542,13,10,-3
highquality_16k__BLR-2018-06-19-06-21-44_part_22__0001628,7,6,-1
highquality_16k__BLR-2018-06-19-06-21-44_part_23__0000262,11,7,-4
highquality_16k__BLR-2018-06-19-06-21-44_part_24__0000606,18,17,-1
highquality_16k__BLR-2018-06-19-06-21-44_part_24__0000659,18,15,-3
highquality_16k__BLR-2018-06-19-06-21-44_part_26__0000524,26,15,-11
highquality_16k__BLR-2018-06-19-06-21-44_part_26__0001501,26,15,-11
highquality_16k__BLR-2018-06-19-06-21-44_part_26__0001601,22,13,-9
highquality_16k__BLR-2018-06-19-06-21-44_part_27__0000824,19,13,-6
highquality_16k__BLR-2018-06-19-06-21-44_part_28__0000524,4,4,0
highquality_16k__BLR-2018-06-19-06-21-44_part_28__0001595,16,9,-7
highquality_16k__BLR-2018-06-19-06-21-44_part_2__0001396,16,19,3
highquality_16k__BLR-2018-06-19-06-21-44_part_31__0000211,34,33,-1
highquality_16k__BLR-2018-06-19-06-21-44_part_36__0000911,15,11,-4
highquality_16k__BLR-2018-06-19-06-21-44_part_38__0000445,21,23,2
highquality_16k__BLR-2018-06-19-06-21-44_part_48__0000214,26,12,-14
highquality_16k__BLR-2018-06-19-06-21-44_part_49__0001754,27,21,-6
highquality_16k__BLR-2018-06-19-06-21-44_part_52__0000899,10,8,-2
highquality_16k__BLR-2018-06-19-06-21-44_part_52__0000974,12,6,-6
highquality_16k__BLR-2018-06-19-06-21-44_part_54__0000524,30,25,-5
highquality_16k__BLR-2018-06-19-06-21-44_part_55__0000524,25,19,-6
highquality_16k__BLR-2018-06-19-06-21-44_part_56__0001059,44,29,-15
highquality_16k__BLR-2018-06-19-06-21-44_part_57__0000149,27,21,-6
highquality_16k__BLR-2018-06-19-06-21-44_part_57__0000374,32,19,-13
highquality_16k__BLR-2018-06-19-06-21-44_part_60__0001433,26,22,-4
highquality_16k__BLR-2018-06-19-06-21-44_part_60__0001486,25,23,-2
highquality_16k__BLR-2018-06-19-06-21-44_part_7__0000113,15,13,-2
highquality_16k__BLR-2018-06-20-05-53-14_part_2__0001122,34,28,-6
highquality_16k__BLR-2018-06-20-05-53-14_part_5__0000906,40,22,-18
highquality_16k__BLR-2018-06-20-07-01-47_part_11__0001174,18,12,-6
highquality_16k__BLR-2018-06-20-07-01-47_part_12__0000149,17,9,-8
highquality_16k__BLR-2018-06-20-07-01-47_part_12__0000974,27,17,-10
highquality_16k__BLR-2018-06-20-07-01-47_part_14__0000074,14,8,-6
highquality_16k__BLR-2018-06-20-07-01-47_part_14__0000374,13,9,-4
highquality_16k__BLR-2018-06-20-07-01-47_part_1__0000119,8,6,-2
highquality_16k__BLR-2018-06-20-07-01-47_part_1__0000431,9,5,-4
highquality_16k__BLR-2018-06-20-07-01-47_part_26__0000166,15,11,-4
highquality_16k__BLR-2018-06-20-07-01-47_part_26__0000170,15,12,-3
highquality_16k__BLR-2018-06-20-07-01-47_part_26__0001566,18,15,-3
highquality_16k__BLR-2018-06-20-07-01-47_part_27__0001553,10,7,-3
highquality_16k__BLR-2018-06-20-07-01-47_part_2__0001079,6,5,-1
highquality_16k__BLR-2018-06-20-07-01-47_part_2__0001621,4,3,-1
highquality_16k__BLR-2018-06-20-07-01-47_part_30__0001498,13,12,-1
highquality_16k__BLR-2018-06-20-07-01-47_part_30__0001582,13,12,-1
highquality_16k__BLR-2018-06-20-07-01-47_part_30__0001678,11,10,-1
highquality_16k__BLR-2018-06-20-07-01-47_part_4__0000533,7,4,-3
highquality_16k__BLR-2018-06-20-07-01-47_part_4__0000683,2,2,0
highquality_16k__BLR-2018-06-20-07-01-47_part_6__0000374,18,14,-4
highquality_16k__BLR-2018-06-20-07-01-47_part_6__0001199,17,11,-6
highquality_16k__BLR-2018-06-20-07-01-47_part_7__0000449,14,11,-3
highquality_16k__BLR-2018-06-20-07-01-47_part_8__0000950,18,13,-5
highquality_16k__BLR-2018-06-20-07-01-47_part_8__0001100,24,17,-7
highquality_16k__BLR-2018-06-20-07-01-47_part_8__0001775,9,6,-3
highquality_16k__BLR-2018-06-22-05-05-26_part_11__0000734,6,6,0
highquality_16k__BLR-2018-06-22-05-05-26_part_17__0000525,17,15,-2
highquality_16k__BLR-2018-06-22-05-05-26_part_17__0000547,16,16,0
highquality_16k__BLR-2018-06-22-05-05-26_part_18__0000159,24,21,-3
highquality_16k__BLR-2018-06-22-05-05-26_part_18__0000700,14,13,-1
highquality_16k__BLR-2018-06-22-05-05-26_part_19__0000975,17,12,-5
highquality_16k__BLR-2018-06-22-05-05-26_part_20__0000155,12,11,-1
highquality_16k__BLR-2018-06-22-05-05-26_part_20__0000156,10,10,0
highquality_16k__BLR-2018-06-22-05-05-26_part_20__0001037,13,12,-1
highquality_16k__BLR-2018-06-22-05-05-26_part_24__0000018,19,9,-10
highquality_16k__BLR-2018-06-22-05-05-26_part_25__0001750,29,21,-8
highquality_16k__BLR-2018-06-22-05-05-26_part_26__0000825,20,16,-4
highquality_16k__BLR-2018-06-22-05-05-26_part_26__0001650,13,16,3
highquality_16k__BLR-2018-06-22-05-05-26_part_27__0000160,10,13,3
highquality_16k__BLR-2018-06-22-05-05-26_part_29__0000750,15,11,-4
highquality_16k__BLR-2018-06-22-05-05-26_part_2__0000674,12,13,1
highquality_16k__BLR-2018-06-22-05-05-26_part_2__0001649,1,11,10
highquality_16k__BLR-2018-06-22-05-05-26_part_31__0000750,28,24,-4
highquality_16k__BLR-2018-06-22-05-05-26_part_31__0001350,17,14,-3
highquality_16k__BLR-2018-06-22-05-05-26_part_31__0001500,16,12,-4
highquality_16k__BLR-2018-06-22-05-05-26_part_33__0000300,11,9,-2
highquality_16k__BLR-2018-06-22-05-05-26_part_33__0000675,17,9,-8
highquality_16k__BLR-2018-06-22-05-05-26_part_33__0000750,16,12,-4
highquality_16k__BLR-2018-06-22-05-05-26_part_39__0000075,11,8,-3
highquality_16k__BLR-2018-06-22-05-05-26_part_39__0001681,12,13,1
highquality_16k__BLR-2018-06-22-05-05-26_part_41__0000750,22,17,-5
highquality_16k__BLR-2018-06-22-05-05-26_part_41__0000900,7,6,-1
highquality_16k__BLR-2018-06-22-05-05-26_part_41__0001167,12,9,-3
highquality_16k__BLR-2018-06-22-05-05-26_part_42__0000827,17,9,-8
highquality_16k__BLR-2018-06-22-05-05-26_part_44__0000900,24,11,-13
highquality_16k__BLR-2018-06-29-10-07-38_part_10__0000060,15,9,-6
highquality_16k__BLR-2018-06-29-10-07-38_part_11__0000690,18,16,-2
highquality_16k__BLR-2018-06-29-10-07-38_part_11__0000825,16,17,1
highquality_16k__BLR-2018-06-29-10-07-38_part_11__0000915,18,17,-1
highquality_16k__BLR-2018-06-29-10-07-38_part_13__0000870,1,1,0
highquality_16k__BLR-2018-06-29-10-07-38_part_15__0000375,20,15,-5
highquality_16k__BLR-2018-06-29-10-07-38_part_15__0000465,23,15,-8
highquality_16k__BLR-2018-06-29-10-07-38_part_15__0000780,23,22,-1
highquality_16k__BLR-2018-06-29-10-07-38_part_17__0000240,14,11,-3
highquality_16k__BLR-2018-06-29-10-07-38_part_17__0000780,7,8,1
highquality_16k__BLR-2018-06-29-10-07-38_part_17__0001590,11,7,-4
highquality_16k__BLR-2018-06-29-10-07-38_part_18__0000195,8,6,-2
highquality_16k__BLR-2018-06-29-10-07-38_part_19__0001185,14,12,-2
highquality_16k__BLR-2018-06-29-10-07-38_part_1__0001770,9,10,1
highquality_16k__BLR-2018-06-29-10-07-38_part_20__0000195,7,6,-1
highquality_16k__BLR-2018-06-29-10-07-38_part_24__0001410,24,16,-8
highquality_16k__BLR-2018-06-29-10-07-38_part_25__0000510,13,9,-4
highquality_16k__BLR-2018-06-29-10-07-38_part_25__0000645,14,5,-9
highquality_16k__BLR-2018-06-29-10-07-38_part_25__0001185,12,8,-4
highquality_16k__BLR-2018-06-29-10-07-38_part_26__0001365,24,18,-6
highquality_16k__BLR-2018-06-29-10-07-38_part_28__0001590,9,8,-1
highquality_16k__BLR-2018-06-29-10-07-38_part_2__0001500,15,9,-6
highquality_16k__BLR-2018-06-29-10-07-38_part_31__0000330,11,9,-2
highquality_16k__BLR-2018-06-29-10-07-38_part_31__0001230,27,17,-10
highquality_16k__BLR-2018-06-29-10-07-38_part_32__0000240,12,11,-1
highquality_16k__BLR-2018-06-29-10-07-38_part_34__0001680,23,25,2
highquality_16k__BLR-2018-06-29-10-07-38_part_35__0000780,15,13,-2
highquality_16k__BLR-2018-06-29-10-07-38_part_35__0001230,16,11,-5
highquality_16k__BLR-2018-06-29-10-07-38_part_35__0001500,15,8,-7
highquality_16k__BLR-2018-06-29-10-07-38_part_35__0001680,8,9,1
highquality_16k__BLR-2018-06-29-10-07-38_part_39__0000060,5,4,-1
highquality_16k__BLR-2018-06-29-10-07-38_part_39__0001185,9,3,-6
highquality_16k__BLR-2018-06-29-10-07-38_part_39__0001365,5,5,0
highquality_16k__BLR-2018-06-29-10-07-38_part_3__0000150,14,9,-5
highquality_16k__BLR-2018-06-29-10-07-38_part_3__0000555,7,3,-4
highquality_16k__BLR-2018-06-29-10-07-38_part_40__0001455,3,0,-3
highquality_16k__BLR-2018-06-29-10-07-38_part_41__0001095,5,4,-1
highquality_16k__BLR-2018-06-29-10-07-38_part_44__0000060,11,12,1
highquality_16k__BLR-2018-06-29-10-07-38_part_44__0000825,2,3,1
highquality_16k__BLR-2018-06-29-10-07-38_part_44__0001050,8,7,-1
highquality_16k__BLR-2018-06-29-10-07-38_part_45__0001365,5,4,-1
highquality_16k__BLR-2018-06-29-10-07-38_part_47__0000240,7,3,-4
highquality_16k__BLR-2018-06-29-10-07-38_part_49__0001320,16,14,-2
highquality_16k__BLR-2018-06-29-10-07-38_part_49__0001410,16,8,-8
highquality_16k__BLR-2018-06-29-10-07-38_part_51__0001725,0,0,0
highquality_16k__BLR-2018-06-29-10-07-38_part_54__0000960,17,14,-3
highquality_16k__BLR-2018-06-29-10-07-38_part_56__0001320,13,14,1
highquality_16k__BLR-2018-06-29-10-07-38_part_59__0001050,12,9,-3
highquality_16k__BLR-2018-06-29-10-07-38_part_59__0001725,7,5,-2
highquality_16k__BLR-2018-06-29-10-07-38_part_60__0001635,18,12,-6
highquality_16k__HYD-2018-04-19_18-16-55__0003610,2,1,-1
highquality_16k__HYD-2018-04-26_13-20-01__0004094,23,20,-3
highquality_16k__HYD-2018-04-26_13-20-01__0006432,18,7,-11
highquality_16k__HYD-2018-04-26_13-20-01__0008372,22,18,-4
highquality_16k__HYD-2018-04-26_13-30-01__0007723,27,18,-9
highquality_16k__HYD-2018-04-26_13-30-01__0008623,19,14,-5
highquality_16k__HYD-2018-04-26_13-50-01__0001194,21,15,-6
highquality_16k__HYD-2018-04-26_13-50-01__0002244,26,31,5
highquality_16k__HYD-2018-06-11_13-14-41_frontNear_left__0004335,16,13,-3
highquality_16k__HYD-2018-06-11_13-14-41_frontNear_left__0008910,32,33,1
highquality_16k__HYD-2018-06-11_13-24-41__0000414,25,25,0
highquality_16k__HYD-2018-06-11_13-24-41__0001121,14,16,2
highquality_16k__HYD-2018-06-11_13-24-41__0001603,22,13,-9
highquality_16k__HYD-2018-06-11_13-24-41__0008742,6,5,-1
highquality_16k__HYD-2018-06-11_13-24-41_frontNear_left__0000660,13,11,-2
highquality_16k__HYD-2018-06-11_13-24-41_frontNear_left__0002685,16,15,-1
highquality_16k__HYD-2018-06-11_13-24-41_frontNear_left__0003585,11,11,0
highquality_16k__HYD-2018-06-11_13-24-41_frontNear_left__0004560,35,29,-6
highquality_16k__HYD-2018-06-11_13-24-41_frontNear_left__0006510,19,11,-8
highquality_16k__HYD-2018-06-11_13-34-41__0005874,6,5,-1
highquality_16k__HYD-2018-06-11_13-34-41_frontNear_left__0003735,18,15,-3
highquality_16k__HYD-2018-06-11_13-34-41_frontNear_left__0005310,18,18,0
highquality_16k__HYD-2018-06-11_13-34-41_frontNear_left__0005760,12,10,-2
highquality_16k__HYD-2018-06-11_13-44-41__0002915,12,14,2
highquality_16k__HYD-2018-06-11_13-44-41__0002930,14,16,2
highquality_16k__HYD-2018-06-11_13-44-41__0005199,25,14,-11
highquality_16k__HYD-2018-06-11_13-44-41__0006812,16,12,-4
highquality_16k__HYD-2018-06-11_13-44-41__0006892,10,11,1
highquality_16k__HYD-2018-06-11_13-44-41__0007004,11,9,-2
highquality_16k__HYD-2018-06-11_13-44-41__0007009,13,12,-1
highquality_16k__HYD-2018-06-11_13-44-41__0008485,14,8,-6
highquality_16k__HYD-2018-06-11_13-44-41_frontNear_left__0002235,21,17,-4
highquality_16k__HYD-2018-06-11_13-44-41_frontNear_left__0003585,12,11,-1
highquality_16k__HYD-2018-06-11_13-44-41_frontNear_left__0003885,22,19,-3
highquality_16k__HYD-2018-06-11_13-44-41_frontNear_left__0006510,12,12,0
highquality_16k__HYD-2018-06-11_13-44-41_frontNear_left__0006585,16,16,0
highquality_16k__HYD-2018-06-11_13-44-41_frontNear_left__0007410,18,18,0
highquality_16k__HYD-2018-06-11_13-54-41__0000355,13,9,-4
highquality_16k__HYD-2018-06-11_13-54-41__0000974,4,3,-1
highquality_16k__HYD-2018-06-11_13-54-41__0004646,3,3,0
highquality_16k__HYD-2018-06-11_13-54-41__0007451,8,12,4
highquality_16k__HYD-2018-06-11_13-54-41_frontNear_left__0002235,19,10,-9
highquality_16k__HYD-2018-06-11_13-54-41_frontNear_left__0007410,11,9,-2
highquality_16k__HYD-2018-06-11_13-54-41_frontNear_left__0008760,15,11,-4
highquality_16k__HYD-2018-06-11_14-04-41_frontNear_left__0002610,33,19,-14
highquality_16k__HYD-2018-06-11_14-04-41_frontNear_left__0007710,15,17,2
highquality_16k__HYD-2018-06-11_14-14-41_frontNear_left__0000060,21,16,-5
highquality_16k__HYD-2018-06-11_14-14-41_frontNear_left__0003660,8,8,0
highquality_16k__HYD-2018-06-11_14-14-41_frontNear_left__0004485,17,17,0
highquality_16k__HYD-2018-06-11_14-14-41_frontNear_left__0004560,21,20,-1
highquality_16k__HYD-2018-06-15_11-55-11_frontNear_left__0004935,10,12,2
highquality_16k__HYD-2018-06-15_11-55-11_frontNear_left__0006510,19,5,-14
highquality_16k__HYD-2018-06-15_11-55-11_frontNear_left__0007035,22,14,-8
highquality_16k__HYD-2018-06-15_11-55-11_frontNear_left__0007710,10,8,-2
highquality_16k__HYD-2018-06-15_12-45-11_frontNear_left__0002085,22,8,-14
highquality_16k__HYD-2018-06-15_12-45-11_frontNear_left__0002685,21,18,-3
highquality_16k__HYD-2018-06-15_12-45-11_frontNear_left__0003960,12,6,-6
highquality_16k__HYD-2018-06-15_12-45-11_frontNear_left__0004035,11,4,-7
highquality_16k__HYD-2018-06-15_12-45-11_frontNear_left__0004860,14,4,-10
highquality_16k__HYD-2018-06-15_12-45-11_frontNear_left__0008235,9,4,-5
highquality_16k__HYD-2018-07-24_18-03-48__0000472,15,13,-2
highquality_16k__HYD-2018-07-24_18-03-48__0000548,20,15,-5
highquality_16k__HYD-2018-07-24_18-03-48__0003053,43,20,-23
highquality_16k__HYD-2018-07-24_18-03-48__0003129,38,18,-20
highquality_16k__HYD-2018-08-05_12-52-17__0000494,14,11,-3
highquality_16k__HYD-2018-08-05_12-52-17__0001983,8,9,1
highquality_16k__HYD-2018-08-05_12-52-17__0002173,8,8,0
highquality_16k__HYD-2018-08-05_12-52-17__0002247,11,9,-2
highquality_16k__HYD-2018-08-05_12-52-17__0004149,11,8,-3
highquality_16k__HYD-2018-08-05_12-52-17__0004393,8,5,-3
highquality_16k__HYD-2018-08-05_12-52-17__0004400,7,4,-3
highquality_16k__HYD-2018-08-05_12-52-17__0004784,6,6,0
highquality_16k__HYD-2018-08-05_12-52-17__0005050,12,8,-4
highquality_16k__HYD-2018-08-05_12-52-17__0006000,5,4,-1
highquality_16k__HYD-2018-08-05_12-52-17__0008475,2,1,-1
highquality_16k__HYD-2018-08-05_12-52-17__0008618,2,3,1
highquality_16k__HYD-2018-08-05_12-52-17__0008798,19,4,-15
highquality_16k__HYD-2018-08-05_13-02-17__0000314,19,12,-7
highquality_16k__HYD-2018-08-05_13-02-17__0001977,9,5,-4
highquality_16k__HYD-2018-08-05_13-02-17__0001982,10,5,-5
highquality_16k__HYD-2018-08-05_13-02-17__0001983,8,4,-4
highquality_16k__HYD-2018-08-05_13-02-17__0001984,9,5,-4
highquality_16k__HYD-2018-08-05_13-02-17__0005418,9,7,-2
highquality_16k__HYD-2018-08-05_13-02-17__0006900,18,11,-7
highquality_16k__HYD-2018-08-05_13-02-17__0007791,8,8,0
highquality_16k__HYD-2018-08-24_12-52-50__0000569,24,15,-9
highquality_16k__HYD-2018-08-24_12-52-50__0002719,24,17,-7
highquality_16k__HYD-2018-08-24_12-52-50__0003507,12,9,-3
highquality_16k__HYD-2018-08-24_12-52-50__0003583,10,7,-3
highquality_16k__HYD-2018-08-24_12-52-50__0003697,9,10,1
highquality_16k__HYD-2018-08-24_12-52-50__0005065,12,10,-2
highquality_16k__HYD-2018-08-24_12-52-50__0005103,12,8,-4
highquality_16k__HYD-2018-08-24_12-52-50__0005331,13,4,-9
highquality_16k__HYD-2018-08-24_12-52-50__0005901,9,5,-4
highquality_16k__HYD-2018-08-24_12-52-50__0006813,18,12,-6
highquality_16k__HYD-2018-08-24_12-52-50__0007535,15,5,-10
highquality_16k__HYD-2018-08-24_12-52-50__0007687,20,12,-8
highquality_16k__HYD-2018-08-24_13-42-50__0000417,31,24,-7
highquality_16k__HYD-2018-08-24_13-42-50__0000949,26,20,-6
highquality_16k__HYD-2018-08-24_13-42-50__0005506,34,25,-9
highquality_16k__HYD-2018-08-24_13-42-50__0006067,19,21,2
highquality_16k__HYD-2018-08-24_13-42-50__0006858,28,19,-9
highquality_16k__HYD-2018-08-24_13-42-50__0007697,18,17,-1
rearNear__BLR-2018-05-07_12-01-06_rearNear__0002760,3,4,1
rearNear__BLR-2018-05-07_12-25-41_rearNear__000354_r,2,2,0
rearNear__BLR-2018-05-07_12-36-24_rearNear__000636_r,8,7,-1
rearNear__BLR-2018-05-08_10-22-55_rearNear__0000720,2,2,0
rearNear__BLR-2018-05-17_15-23-02_rearNear__0000360,8,9,1
rearNear__BLR-2018-05-17_15-23-02_rearNear__0001320,8,6,-2
rearNear__BLR-2018-05-17_15-23-02_rearNear__000276_r,6,6,0
rearNear__BLR-2018-05-17_16-22-00_rearNear__0003660,5,6,1
rearNear__BLR-2018-05-17_16-39-05_rearNear__000312_r,0,0,0
rearNear__BLR-2018-05-22_11-44-09_rearNear__0006450,6,3,-3
rearNear__BLR-2018-05-22_11-54-07_rearNear__000339_r,8,9,1
rearNear__BLR-2018-05-22_11-54-07_rearNear__000402_r,5,5,0
rearNear__BLR-2018-05-22_12-04-54_rearNear__000267_r,4,4,0
rearNear__BLR-2018-05-22_12-24-44_rearNear__000150_r,4,4,0
rearNear__BLR-2018-05-22_12-24-44_rearNear__000294_r,5,5,0
rearNear__BLR-2018-05-22_12-24-44_rearNear__000343_r,5,5,0
rearNear__BLR-2018-05-22_12-24-44_rearNear__000681_r,7,4,-3
rearNear__BLR-2018-05-22_12-24-44_rearNear__0006945,11,5,-6
rearNear__BLR-2018-05-22_13-21-45_rearNear__0001860,1,1,0
rearNear__BLR-2018-05-22_13-21-45_rearNear__000235_r,1,1,0
rearNear__BLR-2018-05-29_11-19-12_rearNear__000582_r,3,3,0
rearNear__BLR-2018-05-29_11-19-12_rearNear__0006585,3,3,0
rearNear__BLR-2018-05-29_11-19-12_rearNear__000658_r,3,3,0
rearNear__BLR-2018-05-29_11-19-12_rearNear__0007125,3,4,1
rearNear__BLR-2018-05-29_11-55-34_rearNear__000150_r,2,1,-1
rearNear__BLR-2018-06-05_08-28-17_rearNear__0000510,4,3,-1
rearNear__BLR-2018-06-05_08-28-17_rearNear__000375_r,3,4,1
rearNear__BLR-2018-06-05_08-39-44_rearNear__000312_r,8,7,-1
rearNear__BLR-2018-06-05_08-39-44_rearNear__000393_r,5,5,0
rearNear__BLR-2018-06-06_16-10-31_rearNear__0002040,4,4,0
sideLeft__BLR-2018-03-22_17-39-26_1_sideLeft__000144_r,4,4,0
sideLeft__BLR-2018-03-22_17-39-26_1_sideLeft__0007560,0,0,0
sideLeft__BLR-2018-03-22_17-39-26_1_sideLeft__000786_r,2,2,0
sideLeft__BLR-2018-03-22_17-39-26_2_sideLeft__000036_r,1,2,1
sideLeft__BLR-2018-03-22_17-39-26_2_sideLeft__0004680,0,0,0
sideLeft__BLR-2018-03-22_17-39-26_2_sideLeft__000732_r,1,1,0
sideLeft__BLR-2018-03-22_17-39-26_3_sideLeft__0000060,0,0,0
sideLeft__BLR-2018-03-22_17-39-26_3_sideLeft__000018_r,0,1,1
sideLeft__BLR-2018-03-22_17-39-26_3_sideLeft__0001020,1,2,1
sideLeft__BLR-2018-03-22_17-39-26_3_sideLeft__000144_r,0,0,0
sideLeft__BLR-2018-03-22_17-39-26_3_sideLeft__000246_r,4,1,-3
sideLeft__BLR-2018-03-22_17-39-26_3_sideLeft__000300_r,2,3,1
sideLeft__BLR-2018-04-16_15-24-27_sideLeft__000036_r,1,1,0
sideLeft__BLR-2018-04-16_15-24-27_sideLeft__0005880,1,1,0
sideLeft__BLR-2018-04-16_15-24-27_sideLeft__0006660,4,2,-2
sideLeft__BLR-2018-04-16_15-24-27_sideLeft__000762_r,0,0,0
sideLeft__BLR-2018-04-16_15-24-27_sideLeft__000828_r,1,2,1
sideLeft__BLR-2018-04-16_15-34-27_sideLeft__000096_r,0,0,0
sideLeft__BLR-2018-04-16_15-34-27_sideLeft__000204_r,1,3,2
sideLeft__BLR-2018-04-16_15-34-27_sideLeft__0002580,6,5,-1
sideLeft__BLR-2018-04-16_15-34-27_sideLeft__000510_r,0,0,0
sideLeft__BLR-2018-04-16_15-34-27_sideLeft__000654_r,0,1,1
sideLeft__BLR-2018-04-16_15-34-27_sideLeft__0007320,0,0,0
sideLeft__BLR-2018-04-16_15-34-27_sideLeft__0007440,4,4,0
sideLeft__BLR-2018-04-16_15-34-27_sideLeft__0007980,5,3,-2
sideLeft__BLR-2018-04-16_15-34-27_sideLeft__0008460,5,4,-1
sideLeft__BLR-2018-04-16_15-44-27_sideLeft__0002040,1,1,0
sideLeft__BLR-2018-04-16_15-44-27_sideLeft__000786_r,5,1,-4
sideLeft__BLR-2018-04-16_16-04-27_sideLeft__0002520,0,0,0
sideLeft__BLR-2018-04-16_16-04-27_sideLeft__000276_r,2,2,0
sideLeft__BLR-2018-04-16_16-04-27_sideLeft__000360_r,0,0,0
sideLeft__BLR-2018-04-16_16-14-27_sideLeft__0005580,1,0,-1
sideLeft__BLR-2018-04-16_16-14-27_sideLeft__000564_r,0,0,0
sideLeft__BLR-2018-04-16_16-14-27_sideLeft__000678_r,3,4,1
sideLeft__BLR-2018-04-16_16-14-27_sideLeft__000798_r,0,1,1
sideLeft__BLR-2018-04-19_17-16-55_sideLeft__0001320,0,0,0
sideLeft__BLR-2018-04-19_17-16-55_sideLeft__0006900,0,0,0
sideLeft__BLR-2018-04-19_17-16-55_sideLeft__0008700,0,0,0
sideLeft__BLR-2018-04-19_17-36-55_sideLeft__000024_r,1,1,0
sideLeft__BLR-2018-04-19_17-36-55_sideLeft__000264_r,0,0,0
sideLeft__BLR-2018-04-19_17-36-55_sideLeft__0004380,0,0,0
sideLeft__BLR-2018-04-19_17-56-55_sideLeft__000648_r,0,0,0
sideLeft__BLR-2018-04-19_17-56-55_sideLeft__0007080,0,0,0
sideLeft__BLR-2018-04-19_17-56-55_sideLeft__000822_r,3,1,-2
sideLeft__BLR-2018-04-19_17-56-55_sideLeft__000882_r,0,0,0
sideLeft__BLR-2018-04-19_18-06-55_sideLeft__000012_r,0,0,0
sideLeft__BLR-2018-04-19_18-06-55_sideLeft__0005100,0,0,0
sideLeft__BLR-2018-04-19_18-06-55_sideLeft__000612_r,2,4,2
sideLeft__BLR-2018-04-19_18-06-55_sideLeft__000624_r,5,8,3
sideLeft__BLR-2018-04-26_12-40-01_sideLeft__0000060,0,1,1
sideLeft__BLR-2018-04-26_12-40-01_sideLeft__0001500,6,6,0
sideLeft__BLR-2018-04-26_12-40-01_sideLeft__000150_r,5,4,-1
sideLeft__BLR-2018-04-26_12-40-01_sideLeft__0004020,1,1,0
sideLeft__BLR-2018-04-26_12-40-01_sideLeft__0004620,4,4,0
sideLeft__BLR-2018-04-26_12-40-01_sideLeft__0004920,5,5,0
sideLeft__BLR-2018-04-26_12-40-01_sideLeft__000582_r,3,4,1
sideLeft__BLR-2018-04-26_12-40-01_sideLeft__0005880,2,2,0
sideLeft__BLR-2018-04-26_12-40-01_sideLeft__000672_r,5,6,1
sideLeft__BLR-2018-04-26_12-40-01_sideLeft__000804_r,4,6,2
sideLeft__BLR-2018-04-26_12-40-01_sideLeft__000864_r,1,1,0
sideLeft__BLR-2018-04-26_13-00-01_sideLeft__000120_r,1,1,0
sideLeft__BLR-2018-04-26_13-00-01_sideLeft__000198_r,5,6,1
sideLeft__BLR-2018-04-26_13-00-01_sideLeft__000306_r,1,1,0
sideLeft__BLR-2018-04-26_13-00-01_sideLeft__000354_r,2,2,0
sideLeft__BLR-2018-04-26_13-00-01_sideLeft__000504_r,3,2,-1
sideLeft__BLR-2018-04-26_13-00-01_sideLeft__000630_r,1,1,0
sideLeft__BLR-2018-04-26_13-00-01_sideLeft__000732_r,1,1,0
sideLeft__BLR-2018-04-26_13-00-01_sideLeft__0008640,0,0,0
sideLeft__BLR-2018-05-07_12-11-53_sideLeft__000060_r,4,5,1
sideLeft__BLR-2018-05-07_12-11-53_sideLeft__0007620,3,3,0
sideLeft__BLR-2018-05-07_12-36-24_sideLeft__0001920,9,7,-2
sideLeft__BLR-2018-05-07_12-36-24_sideLeft__000216_r,1,1,0
sideLeft__BLR-2018-05-07_12-36-24_sideLeft__0006000,1,1,0
sideLeft__BLR-2018-05-07_12-36-24_sideLeft__000732_r,3,1,-2
sideLeft__BLR-2018-05-08_09-58-25_sideLeft__000258_r,5,5,0
sideLeft__BLR-2018-05-08_09-58-25_sideLeft__0003300,6,6,0
sideLeft__BLR-2018-05-08_10-04-13_sideLeft__0000600,4,3,-1
sideLeft__BLR-2018-05-08_10-04-13_sideLeft__000060_r,5,3,-2
sideLeft__BLR-2018-05-08_10-04-13_sideLeft__000144_r,4,3,-1
sideLeft__BLR-2018-05-08_10-04-13_sideLeft__000186_r,4,4,0
sideLeft__BLR-2018-05-08_10-04-13_sideLeft__0004560,1,1,0
sideLeft__BLR-2018-05-14_11-48-09_sideLeft__0004440,7,6,-1
sideLeft__BLR-2018-05-14_11-56-56_sideLeft__0009360,8,6,-2
sideLeft__BLR-2018-05-14_11-56-56_sideLeft__001122_r,1,2,1
sideLeft__BLR-2018-05-14_11-56-56_sideLeft__001254_r,1,1,0
sideLeft__BLR-2018-05-14_11-56-56_sideLeft__001290_r,3,3,0
sideLeft__BLR-2018-05-14_13-29-20_sideLeft__0004440,3,2,-1
sideLeft__BLR-2018-05-14_13-29-20_sideLeft__0004800,2,4,2
sideLeft__BLR-2018-05-14_13-29-20_sideLeft__0005760,2,2,0
sideLeft__BLR-2018-05-14_13-29-20_sideLeft__0005820,1,3,2
sideLeft__BLR-2018-05-14_13-29-20_sideLeft__0007020,3,3,0
sideLeft__BLR-2018-05-14_13-49-25_sideLeft__0000540,2,2,0
sideLeft__BLR-2018-05-14_13-49-25_sideLeft__0006300,2,3,1
sideLeft__BLR-2018-05-17_15-12-45_sideLeft__000180_r,1,0,-1
sideLeft__BLR-2018-05-17_15-23-02_sideLeft__000252_r,3,2,-1
sideLeft__BLR-2018-05-17_15-23-02_sideLeft__0005040,1,1,0
sideLeft__BLR-2018-05-17_15-23-02_sideLeft__000516_r,1,0,-1
sideLeft__BLR-2018-05-17_15-32-49_sideLeft__000420_r,0,0,0
sideLeft__BLR-2018-05-17_15-32-49_sideLeft__0005400,3,3,0
sideLeft__BLR-2018-05-17_15-32-49_sideLeft__0005940,2,2,0
sideLeft__BLR-2018-05-17_15-32-49_sideLeft__0007380,2,4,2
sideLeft__BLR-2018-05-17_15-45-06_sideLeft__0002820,7,6,-1
sideLeft__BLR-2018-05-17_15-45-06_sideLeft__000426_r,2,1,-1
sideLeft__BLR-2018-05-17_15-45-06_sideLeft__0008340,4,2,-2
sideLeft__BLR-2018-05-17_15-45-06_sideLeft__0009240,2,1,-1
sideLeft__BLR-2018-05-17_15-45-06_sideLeft__0009360,4,3,-1
sideLeft__BLR-2018-05-17_15-45-06_sideLeft__0009600,3,4,1
sideLeft__BLR-2018-05-17_15-56-30_sideLeft__000342_r,1,1,0
sideLeft__BLR-2018-05-17_15-56-30_sideLeft__000486_r,3,2,-1
sideLeft__BLR-2018-05-17_15-56-30_sideLeft__000642_r,5,3,-2
sideLeft__BLR-2018-05-17_15-56-30_sideLeft__000684_r,1,1,0
sideLeft__BLR-2018-05-17_15-56-30_sideLeft__000792_r,3,2,-1
sideLeft__BLR-2018-05-17_16-32-30_sideLeft__0000900,1,1,0
sideLeft__BLR-2018-05-17_16-39-05_sideLeft__000012_r,0,1,1
sideLeft__BLR-2018-05-17_16-39-05_sideLeft__000138_r,0,0,0
sideLeft__BLR-2018-05-17_16-39-05_sideLeft__0002160,0,0,0
sideLeft__BLR-2018-05-17_16-39-05_sideLeft__000342_r,0,0,0
sideLeft__BLR-2018-05-17_16-39-05_sideLeft__0005220,4,4,0
sideLeft__BLR-2018-05-17_16-39-05_sideLeft__000600_r,1,1,0
sideLeft__BLR-2018-05-17_16-39-05_sideLeft__000714_r,1,1,0
sideLeft__BLR-2018-05-22_11-54-07_sideLeft__0000690,4,2,-2
sideLeft__BLR-2018-05-22_11-54-07_sideLeft__000073_r,2,2,0
sideLeft__BLR-2018-05-22_11-54-07_sideLeft__0000960,3,1,-2
sideLeft__BLR-2018-05-22_11-54-07_sideLeft__000159_r,3,6,3
sideLeft__BLR-2018-05-22_11-54-07_sideLeft__000199_r,4,4,0
sideLeft__BLR-2018-05-22_11-54-07_sideLeft__0003165,5,4,-1
sideLeft__BLR-2018-05-22_11-54-07_sideLeft__000321_r,8,4,-4
sideLeft__BLR-2018-05-22_11-54-07_sideLeft__000433_r,3,2,-1
sideLeft__BLR-2018-05-22_11-54-07_sideLeft__000550_r,5,5,0
sideLeft__BLR-2018-05-22_11-54-07_sideLeft__000618_r,3,2,-1
sideLeft__BLR-2018-05-22_11-54-07_sideLeft__0006765,5,4,-1
sideLeft__BLR-2018-05-22_12-04-54_sideLeft__0001275,3,3,0
sideLeft__BLR-2018-05-22_12-04-54_sideLeft__000145_r,2,2,0
sideLeft__BLR-2018-05-22_12-04-54_sideLeft__000159_r,3,3,0
sideLeft__BLR-2018-05-22_12-04-54_sideLeft__0005460,4,4,0
sideLeft__BLR-2018-05-22_12-04-54_sideLeft__000546_r,4,4,0
sideLeft__BLR-2018-05-22_12-04-54_sideLeft__000568_r,2,3,1
sideLeft__BLR-2018-05-22_12-04-54_sideLeft__000577_r,2,2,0
sideLeft__BLR-2018-05-22_12-04-54_sideLeft__000735_r,1,1,0
sideLeft__BLR-2018-05-22_12-04-54_sideLeft__000748_r,2,1,-1
sideLeft__BLR-2018-05-22_12-04-54_sideLeft__000784_r,6,5,-1
sideLeft__BLR-2018-05-22_12-04-54_sideLeft__0007890,6,5,-1
sideLeft__BLR-2018-05-22_12-04-54_sideLeft__000793_r,2,2,0
sideLeft__BLR-2018-05-22_12-04-54_sideLeft__000861_r,1,2,1
sideLeft__BLR-2018-05-22_12-04-54_sideLeft__0008700,4,4,0
sideLeft__BLR-2018-05-22_12-04-54_sideLeft__0008970,1,1,0
sideLeft__BLR-2018-05-22_12-04-54_sideLeft__0009420,6,6,0
sideLeft__BLR-2018-05-22_13-01-18_sideLeft__0001005,5,4,-1
sideLeft__BLR-2018-05-22_13-01-18_sideLeft__000100_r,5,5,0
sideLeft__BLR-2018-05-22_13-01-18_sideLeft__0002625,1,1,0
sideLeft__BLR-2018-05-22_13-13-31_sideLeft__000420_r,2,2,0
sideLeft__BLR-2018-05-22_13-13-31_sideLeft__000429_r,4,3,-1
sideLeft__BLR-2018-05-22_13-13-31_sideLeft__000447_r,4,3,-1
sideLeft__BLR-2018-05-22_13-13-31_sideLeft__0005955,5,4,-1
sideLeft__BLR-2018-05-22_13-21-45_sideLeft__000046_r,3,3,0
sideLeft__BLR-2018-05-22_13-21-45_sideLeft__0001095,1,1,0
sideLeft__BLR-2018-05-22_13-21-45_sideLeft__000186_r,1,1,0
sideLeft__BLR-2018-05-22_13-21-45_sideLeft__000217_r,7,7,0
sideLeft__BLR-2018-05-22_13-21-45_sideLeft__000280_r,1,1,0
sideLeft__BLR-2018-05-22_13-21-45_sideLeft__0003255,5,4,-1
sideLeft__BLR-2018-05-22_13-21-45_sideLeft__0007215,5,4,-1
sideLeft__BLR-2018-05-22_13-21-45_sideLeft__0009420,5,4,-1
sideLeft__BLR-2018-05-23_12-45-57_sideLeft__0005220,4,4,0
sideLeft__BLR-2018-05-23_15-00-24_sideLeft__0009240,3,3,0
sideLeft__BLR-2018-05-23_15-11-13_sideLeft__0001920,1,1,0
sideLeft__BLR-2018-05-23_15-11-13_sideLeft__0002700,5,5,0
sideLeft__BLR-2018-05-23_15-11-13_sideLeft__000378_r,2,2,0
sideLeft__BLR-2018-05-29_10-59-01_sideLeft__000127_r,0,0,0
sideLeft__BLR-2018-05-29_10-59-01_sideLeft__0002535,5,2,-3
sideLeft__BLR-2018-05-29_10-59-01_sideLeft__0004065,1,1,0
sideLeft__BLR-2018-05-29_10-59-01_sideLeft__000442_r,0,0,0
sideLeft__BLR-2018-05-29_10-59-01_sideLeft__0004695,3,1,-2
sideLeft__BLR-2018-05-29_10-59-01_sideLeft__000532_r,0,1,1
sideLeft__BLR-2018-05-29_10-59-01_sideLeft__000564_r,0,0,0
sideLeft__BLR-2018-05-29_10-59-01_sideLeft__0006315,6,5,-1
sideLeft__BLR-2018-05-29_10-59-01_sideLeft__000645_r,2,2,0
sideLeft__BLR-2018-05-29_10-59-01_sideLeft__000771_r,1,2,1
sideLeft__BLR-2018-05-29_11-55-34_sideLeft__0002895,3,2,-1
sideLeft__BLR-2018-05-29_11-55-34_sideLeft__0003435,1,1,0
sideLeft__BLR-2018-05-29_11-55-34_sideLeft__0003615,4,4,0
sideLeft__BLR-2018-05-29_11-55-34_sideLeft__0007260,3,3,0
sideLeft__BLR-2018-05-29_11-55-34_sideLeft__0007305,4,1,-3
sideLeft__BLR-2018-05-31_10-59-49_sideLeft__000636_r,1,1,0
sideLeft__BLR-2018-05-31_11-10-16_sideLeft__0000105,3,1,-2
sideLeft__BLR-2018-05-31_11-21-58_sideLeft__000613_r,3,3,0
sideLeft__BLR-2018-05-31_11-21-58_sideLeft__000690_r,3,5,2
sideLeft__BLR-2018-05-31_13-01-28_sideLeft__0006180,2,2,0
sideLeft__BLR-2018-05-31_13-01-28_sideLeft__000838_r,2,2,0
sideLeft__BLR-2018-05-31_13-01-28_sideLeft__0008475,1,1,0
sideLeft__BLR-2018-05-31_13-01-28_sideLeft__000852_r,2,2,0
sideLeft__BLR-2018-05-31_13-01-28_sideLeft__000865_r,3,2,-1
sideLeft__BLR-2018-05-31_13-01-28_sideLeft__001419_r,2,1,-1
sideLeft__BLR-2018-06-05_08-39-44_sideLeft__0000465,3,3,0
sideLeft__BLR-2018-06-05_08-39-44_sideLeft__000375_r,2,5,3
sideLeft__BLR-2018-06-05_08-39-44_sideLeft__0003885,1,1,0
sideLeft__BLR-2018-06-05_08-39-44_sideLeft__000406_r,0,1,1
sideLeft__BLR-2018-06-05_08-39-44_sideLeft__0004650,2,1,-1
sideLeft__BLR-2018-06-05_08-39-44_sideLeft__000672_r,0,0,0
sideLeft__BLR-2018-06-05_08-39-44_sideLeft__000699_r,2,4,2
sideLeft__BLR-2018-06-05_08-50-18_sideLeft__0000420,5,5,0
sideLeft__BLR-2018-06-05_08-50-18_sideLeft__000298_r,2,2,0
sideLeft__BLR-2018-06-05_08-50-18_sideLeft__0003570,1,1,0
sideLeft__BLR-2018-06-05_08-50-18_sideLeft__000375_r,1,1,0
sideLeft__BLR-2018-06-05_08-50-18_sideLeft__000424_r,1,1,0
sideLeft__BLR-2018-06-05_08-50-18_sideLeft__000496_r,8,6,-2
sideLeft__BLR-2018-06-05_08-50-18_sideLeft__0005910,4,5,1
sideLeft__BLR-2018-06-05_08-50-18_sideLeft__0006180,6,6,0
sideLeft__BLR-2018-06-05_08-50-18_sideLeft__0007215,2,2,0
sideLeft__BLR-2018-06-05_08-50-18_sideLeft__0007890,1,1,0
sideLeft__BLR-2018-06-05_08-50-18_sideLeft__0009645,2,2,0
sideLeft__BLR-2018-06-05_08-50-18_sideLeft__000969_r,1,2,1
sideLeft__BLR-2018-06-05_08-50-18_sideLeft__001018_r,0,1,1
sideLeft__BLR-2018-06-05_08-50-18_sideLeft__0010860,3,3,0
sideLeft__BLR-2018-06-05_08-50-18_sideLeft__0010950,3,3,0
sideLeft__BLR-2018-06-05_08-50-18_sideLeft__001180_r,6,5,-1
sideLeft__BLR-2018-06-05_08-50-18_sideLeft__0012210,4,4,0
sideLeft__BLR-2018-06-05_08-50-18_sideLeft__001248_r,3,4,1
sideLeft__BLR-2018-06-05_08-50-18_sideLeft__0013065,1,2,1
sideLeft__BLR-2018-06-05_08-50-18_sideLeft__001329_r,1,2,1
sideLeft__BLR-2018-06-05_08-50-18_sideLeft__0013515,3,2,-1
sideLeft__BLR-2018-06-05_09-06-38_sideLeft__0003075,3,3,0
sideLeft__BLR-2018-06-05_09-06-38_sideLeft__000343_r,2,2,0
sideLeft__BLR-2018-06-05_09-06-38_sideLeft__0004965,2,2,0
sideLeft__BLR-2018-06-05_09-06-38_sideLeft__0005325,4,2,-2
sideLeft__BLR-2018-06-05_09-06-38_sideLeft__0007350,2,2,0
sideLeft__BLR-2018-06-06_16-00-01_sideLeft__000015_r,6,7,1
sideLeft__BLR-2018-06-06_16-00-01_sideLeft__000028_r,5,3,-2
sideLeft__BLR-2018-06-06_16-00-01_sideLeft__0003930,5,4,-1
sideLeft__BLR-2018-06-06_16-00-01_sideLeft__000433_r,4,4,0
sideLeft__BLR-2018-06-06_16-00-01_sideLeft__000460_r,4,4,0
sideLeft__BLR-2018-06-06_16-00-01_sideLeft__000514_r,4,4,0
sideLeft__BLR-2018-06-06_16-00-01_sideLeft__0005415,4,4,0
sideLeft__BLR-2018-06-06_16-00-01_sideLeft__000564_r,4,4,0
sideLeft__BLR-2018-06-06_16-00-01_sideLeft__000622_r,3,3,0
sideLeft__BLR-2018-06-06_16-00-01_sideLeft__0006405,3,5,2
sideLeft__BLR-2018-06-06_16-00-01_sideLeft__0007710,3,3,0
sideLeft__BLR-2018-06-06_16-10-31_sideLeft__000100_r,5,4,-1
sideLeft__BLR-2018-06-06_16-10-31_sideLeft__000177_r,4,1,-3
sideLeft__BLR-2018-06-06_16-10-31_sideLeft__0002850,0,0,0
sideLeft__BLR-2018-06-06_16-10-31_sideLeft__000289_r,4,2,-2
sideLeft__BLR-2018-06-06_16-30-25_sideLeft__0000105,4,3,-1
sideLeft__BLR-2018-06-06_16-30-25_sideLeft__0001950,6,5,-1
sideLeft__BLR-2018-06-06_16-30-25_sideLeft__0002625,2,1,-1
sideLeft__BLR-2018-06-06_16-30-25_sideLeft__0002760,4,4,0
sideLeft__BLR-2018-06-06_16-30-25_sideLeft__0003885,6,4,-2
sideLeft__BLR-2018-06-06_16-30-25_sideLeft__0004470,1,2,1
sideRight__BLR-2018-03-22_17-39-26_1_sideRight__0000780,2,2,0
sideRight__BLR-2018-03-22_17-39-26_1_sideRight__000090_r,6,5,-1
sideRight__BLR-2018-03-22_17-39-26_1_sideRight__000228_r,4,2,-2
sideRight__BLR-2018-03-22_17-39-26_1_sideRight__0003360,1,1,0
sideRight__BLR-2018-03-22_17-39-26_1_sideRight__0004680,1,1,0
sideRight__BLR-2018-03-22_17-39-26_1_sideRight__000474_r,1,1,0
sideRight__BLR-2018-03-22_17-39-26_1_sideRight__000486_r,2,2,0
sideRight__BLR-2018-03-22_17-39-26_1_sideRight__000744_r,2,2,0
sideRight__BLR-2018-03-22_17-39-26_1_sideRight__000804_r,2,2,0
sideRight__BLR-2018-03-22_17-39-26_2_sideRight__0000060,1,1,0
sideRight__BLR-2018-03-22_17-39-26_2_sideRight__000198_r,1,1,0
sideRight__BLR-2018-03-22_17-39-26_2_sideRight__0003180,1,1,0
sideRight__BLR-2018-03-22_17-39-26_2_sideRight__000342_r,0,0,0
sideRight__BLR-2018-03-22_17-39-26_2_sideRight__000816_r,0,0,0
sideRight__BLR-2018-03-22_17-39-26_2_sideRight__0008760,1,1,0
sideRight__BLR-2018-03-22_17-39-26_3_sideRight__0000180,1,2,1
sideRight__BLR-2018-03-22_17-39-26_3_sideRight__000060_r,0,0,0
sideRight__BLR-2018-03-22_17-39-26_3_sideRight__0000840,1,1,0
sideRight__BLR-2018-03-22_17-39-26_3_sideRight__0001080,1,1,0
sideRight__BLR-2018-03-22_17-39-26_3_sideRight__0001380,1,1,0
sideRight__BLR-2018-03-22_17-39-26_3_sideRight__000210_r,0,0,0
sideRight__BLR-2018-03-22_17-39-26_3_sideRight__000264_r,10,8,-2
sideRight__BLR-2018-03-22_17-39-26_3_sideRight__000300_r,5,5,0
sideRight__BLR-2018-03-22_17-39-26_3_sideRight__000684_r,1,1,0
sideRight__BLR-2018-04-16_15-24-27_sideRight__000420_r,1,1,0
sideRight__BLR-2018-04-16_15-24-27_sideRight__000822_r,1,0,-1
sideRight__BLR-2018-04-16_15-34-27_sideRight__000042_r,1,1,0
sideRight__BLR-2018-04-16_15-34-27_sideRight__000462_r,1,1,0
sideRight__BLR-2018-04-16_15-34-27_sideRight__0005280,1,1,0
sideRight__BLR-2018-04-16_15-34-27_sideRight__000546_r,1,1,0
sideRight__BLR-2018-04-16_15-34-27_sideRight__000606_r,1,1,0
sideRight__BLR-2018-04-16_15-34-27_sideRight__0006600,1,0,-1
sideRight__BLR-2018-04-16_15-34-27_sideRight__0007980,6,6,0
sideRight__BLR-2018-04-16_15-34-27_sideRight__0008340,3,2,-1
sideRight__BLR-2018-04-16_15-44-27_sideRight__000432_r,0,1,1
sideRight__BLR-2018-04-16_15-44-27_sideRight__0006900,0,0,0
sideRight__BLR-2018-04-16_15-44-27_sideRight__0007260,1,1,0
sideRight__BLR-2018-04-16_15-54-27_sideRight__0001200,0,0,0
sideRight__BLR-2018-04-16_15-54-27_sideRight__000132_r,0,0,0
sideRight__BLR-2018-04-16_15-54-27_sideRight__0002160,6,5,-1
sideRight__BLR-2018-04-16_15-54-27_sideRight__0004080,1,1,0
sideRight__BLR-2018-04-16_15-54-27_sideRight__000738_r,1,0,-1
sideRight__BLR-2018-04-16_16-04-27_sideRight__0007440,1,1,0
sideRight__BLR-2018-04-16_16-04-27_sideRight__000744_r,1,1,0
sideRight__BLR-2018-04-16_16-14-27_sideRight__0001860,0,0,0
sideRight__BLR-2018-04-16_16-14-27_sideRight__0001980,0,0,0
sideRight__BLR-2018-04-16_16-14-27_sideRight__0002340,0,0,0
sideRight__BLR-2018-04-16_16-14-27_sideRight__0003120,5,6,1
sideRight__BLR-2018-04-16_16-14-27_sideRight__000312_r,6,6,0
sideRight__BLR-2018-04-16_16-14-27_sideRight__000402_r,0,0,0
sideRight__BLR-2018-04-16_16-14-27_sideRight__0004380,0,1,1
sideRight__BLR-2018-04-16_16-14-27_sideRight__000486_r,0,0,0
sideRight__BLR-2018-04-16_16-14-27_sideRight__000600_r,8,1,-7
sideRight__BLR-2018-04-16_16-14-27_sideRight__000624_r,2,2,0
sideRight__BLR-2018-04-16_16-14-27_sideRight__000834_r,0,0,0
sideRight__BLR-2018-04-16_16-14-27_sideRight__0008460,1,1,0
sideRight__BLR-2018-04-19_17-26-55_sideRight__0004800,0,0,0
sideRight__BLR-2018-04-19_17-26-55_sideRight__0008640,0,0,0
sideRight__BLR-2018-04-19_17-36-55_sideRight__0001020,2,0,-2
sideRight__BLR-2018-04-19_17-36-55_sideRight__000198_r,0,0,0
sideRight__BLR-2018-04-19_17-36-55_sideRight__0002280,1,1,0
sideRight__BLR-2018-04-19_17-36-55_sideRight__000234_r,18,12,-6
sideRight__BLR-2018-04-19_17-36-55_sideRight__000306_r,5,6,1
sideRight__BLR-2018-04-19_17-46-55_sideRight__0004860,0,0,0
sideRight__BLR-2018-04-19_17-46-55_sideRight__000780_r,1,1,0
sideRight__BLR-2018-04-19_17-56-55_sideRight__000360_r,0,0,0
sideRight__BLR-2018-04-19_17-56-55_sideRight__000378_r,1,0,-1
sideRight__BLR-2018-04-19_17-56-55_sideRight__0005760,1,1,0
sideRight__BLR-2018-04-19_17-56-55_sideRight__000756_r,1,0,-1
sideRight__BLR-2018-04-19_17-56-55_sideRight__0007860,2,2,0
sideRight__BLR-2018-04-19_18-06-55_sideRight__000018_r,1,1,0
sideRight__BLR-2018-04-19_18-06-55_sideRight__000060_r,1,1,0
sideRight__BLR-2018-04-19_18-06-55_sideRight__0001140,1,0,-1
sideRight__BLR-2018-04-19_18-06-55_sideRight__000138_r,0,0,0
sideRight__BLR-2018-04-19_18-06-55_sideRight__0006180,0,0,0
sideRight__BLR-2018-04-19_18-06-55_sideRight__000636_r,2,2,0
sideRight__BLR-2018-04-19_18-06-55_sideRight__0006420,3,3,0
sideRight__BLR-2018-04-19_18-06-55_sideRight__000654_r,2,1,-1
sideRight__BLR-2018-04-19_18-06-55_sideRight__0006960,0,0,0
sideRight__BLR-2018-04-26_12-40-01_sideRight__000096_r,3,3,0
sideRight__BLR-2018-04-26_12-40-01_sideRight__0003360,6,6,0
sideRight__BLR-2018-04-26_12-40-01_sideRight__000354_r,10,10,0
sideRight__BLR-2018-04-26_12-40-01_sideRight__0007320,3,2,-1
sideRight__BLR-2018-04-26_12-40-01_sideRight__0008580,10,9,-1
sideRight__BLR-2018-04-26_13-00-01_sideRight__000030_r,2,2,0
sideRight__BLR-2018-04-26_13-00-01_sideRight__0001260,2,1,-1
sideRight__BLR-2018-04-26_13-00-01_sideRight__0001680,3,3,0
sideRight__BLR-2018-04-26_13-00-01_sideRight__000492_r,1,1,0
sideRight__BLR-2018-04-26_13-00-01_sideRight__000504_r,4,3,-1
sideRight__BLR-2018-04-26_13-00-01_sideRight__000540_r,1,1,0
sideRight__BLR-2018-04-26_13-00-01_sideRight__000774_r,8,4,-4
sideRight__BLR-2018-04-26_13-00-01_sideRight__0008520,8,7,-1
sideRight__BLR-2018-05-07_12-11-53_sideRight__0000420,1,1,0
sideRight__BLR-2018-05-07_12-11-53_sideRight__000162_r,5,6,1
sideRight__BLR-2018-05-08_09-46-50_sideRight__0003600,1,1,0
sideRight__BLR-2018-05-08_09-46-50_sideRight__000378_r,3,3,0
sideRight__BLR-2018-05-08_09-46-50_sideRight__0004680,3,2,-1
sideRight__BLR-2018-05-08_09-46-50_sideRight__000690_r,3,1,-2
sideRight__BLR-2018-05-08_09-46-50_sideRight__0007800,1,1,0
sideRight__BLR-2018-05-08_09-58-25_sideRight__0002400,2,3,1
sideRight__BLR-2018-05-08_09-58-25_sideRight__0003180,2,2,0
sideRight__BLR-2018-05-08_09-58-25_sideRight__000324_r,2,2,0
sideRight__BLR-2018-05-08_10-04-13_sideRight__0002760,4,5,1
sideRight__BLR-2018-05-08_10-04-13_sideRight__000396_r,1,1,0
sideRight__BLR-2018-05-08_10-04-13_sideRight__000444_r,0,0,0
sideRight__BLR-2018-05-08_10-11-11_sideRight__000102_r,6,4,-2
sideRight__BLR-2018-05-08_10-11-11_sideRight__0001140,5,3,-2
sideRight__BLR-2018-05-08_10-11-11_sideRight__0001920,8,8,0
sideRight__BLR-2018-05-08_10-11-11_sideRight__0002040,5,4,-1
sideRight__BLR-2018-05-08_10-11-11_sideRight__000354_r,6,7,1
sideRight__BLR-2018-05-08_10-11-11_sideRight__0003840,6,5,-1
sideRight__BLR-2018-05-08_10-11-11_sideRight__0006420,4,3,-1
sideRight__BLR-2018-05-08_10-11-11_sideRight__0007080,4,4,0
sideRight__BLR-2018-05-08_10-11-11_sideRight__0007200,4,4,0
sideRight__BLR-2018-05-08_10-11-11_sideRight__0007260,4,4,0
sideRight__BLR-2018-05-08_10-11-11_sideRight__0007440,4,4,0
sideRight__BLR-2018-05-08_10-11-11_sideRight__0007920,3,3,0
sideRight__BLR-2018-05-08_10-11-11_sideRight__000906_r,1,1,0
sideRight__BLR-2018-05-08_10-22-55_sideRight__0001440,6,5,-1
sideRight__BLR-2018-05-08_10-22-55_sideRight__000222_r,2,3,1
sideRight__BLR-2018-05-08_10-22-55_sideRight__0004860,7,7,0
sideRight__BLR-2018-05-08_10-22-55_sideRight__0006240,1,1,0
sideRight__BLR-2018-05-09_12-20-55_sideRight__0001560,2,2,0
sideRight__BLR-2018-05-09_12-20-55_sideRight__000660_r,5,7,2
sideRight__BLR-2018-05-09_12-20-55_sideRight__000774_r,1,0,-1
sideRight__BLR-2018-05-09_13-04-21_sideRight__000054_r,0,0,0
sideRight__BLR-2018-05-09_13-04-21_sideRight__000096_r,0,1,1
sideRight__BLR-2018-05-14_11-40-01_sideRight__000048_r,1,1,0
sideRight__BLR-2018-05-14_11-40-01_sideRight__000078_r,4,3,-1
sideRight__BLR-2018-05-14_13-49-25_sideRight__0004080,4,4,0
sideRight__BLR-2018-05-17_15-12-45_sideRight__0003360,4,2,-2
sideRight__BLR-2018-05-17_15-12-45_sideRight__000360_r,2,2,0
sideRight__BLR-2018-05-17_15-12-45_sideRight__000372_r,2,1,-1
sideRight__BLR-2018-05-17_15-12-45_sideRight__000714_r,5,4,-1
sideRight__BLR-2018-05-17_15-12-45_sideRight__000822_r,0,0,0
sideRight__BLR-2018-05-17_16-22-00_sideRight__0001440,1,1,0
sideRight__BLR-2018-05-17_16-22-00_sideRight__000204_r,2,2,0
sideRight__BLR-2018-05-17_16-22-00_sideRight__0005700,4,3,-1
sideRight__BLR-2018-05-17_16-22-00_sideRight__0007980,4,3,-1
sideRight__BLR-2018-05-17_16-22-00_sideRight__000798_r,3,3,0
sideRight__BLR-2018-05-17_16-22-00_sideRight__0008040,0,0,0
sideRight__BLR-2018-05-17_16-22-00_sideRight__000810_r,1,1,0
sideRight__BLR-2018-05-17_16-22-00_sideRight__0009120,2,2,0
sideRight__BLR-2018-05-17_16-22-00_sideRight__000912_r,1,1,0
sideRight__BLR-2018-05-22_11-44-09_sideRight__0000780,11,9,-2
sideRight__BLR-2018-05-22_11-44-09_sideRight__0000870,10,9,-1
sideRight__BLR-2018-05-22_11-44-09_sideRight__0000915,13,11,-2
sideRight__BLR-2018-05-22_11-44-09_sideRight__0000960,11,13,2
sideRight__BLR-2018-05-22_11-44-09_sideRight__000096_r,11,10,-1
sideRight__BLR-2018-05-22_11-44-09_sideRight__0001860,11,11,0
sideRight__BLR-2018-05-22_11-44-09_sideRight__000217_r,3,3,0
sideRight__BLR-2018-05-22_11-44-09_sideRight__0002580,9,7,-2
sideRight__BLR-2018-05-22_11-44-09_sideRight__000271_r,4,4,0
sideRight__BLR-2018-05-22_11-44-09_sideRight__000546_r,4,4,0
sideRight__BLR-2018-05-22_11-44-09_sideRight__0005595,3,3,0
sideRight__BLR-2018-05-22_11-44-09_sideRight__000559_r,1,1,0
sideRight__BLR-2018-05-22_11-44-09_sideRight__0006180,4,5,1
sideRight__BLR-2018-05-22_11-44-09_sideRight__000622_r,3,3,0
sideRight__BLR-2018-05-22_11-44-09_sideRight__000627_r,3,3,0
sideRight__BLR-2018-05-22_11-44-09_sideRight__0006945,1,1,0
sideRight__BLR-2018-05-22_11-44-09_sideRight__0007575,3,4,1
sideRight__BLR-2018-05-22_11-54-07_sideRight__000033_r,2,2,0
sideRight__BLR-2018-05-22_11-54-07_sideRight__000046_r,4,3,-1
sideRight__BLR-2018-05-22_11-54-07_sideRight__0000645,3,3,0
sideRight__BLR-2018-05-22_11-54-07_sideRight__0000690,2,2,0
sideRight__BLR-2018-05-22_11-54-07_sideRight__0000780,2,2,0
sideRight__BLR-2018-05-22_11-54-07_sideRight__000145_r,6,6,0
sideRight__BLR-2018-05-22_11-54-07_sideRight__000451_r,1,1,0
sideRight__BLR-2018-05-22_11-54-07_sideRight__000474_r,1,1,0
sideRight__BLR-2018-05-22_11-54-07_sideRight__000483_r,2,1,-1
sideRight__BLR-2018-05-22_11-54-07_sideRight__0005955,3,3,0
sideRight__BLR-2018-05-22_11-54-07_sideRight__0006180,2,2,0
sideRight__BLR-2018-05-22_11-54-07_sideRight__000636_r,5,5,0
sideRight__BLR-2018-05-22_12-04-54_sideRight__0000150,5,6,1
sideRight__BLR-2018-05-22_12-04-54_sideRight__0000195,8,7,-1
sideRight__BLR-2018-05-22_12-04-54_sideRight__000024_r,6,5,-1
sideRight__BLR-2018-05-22_12-04-54_sideRight__0002625,10,10,0
sideRight__BLR-2018-05-22_12-04-54_sideRight__0003930,7,9,2
sideRight__BLR-2018-05-22_12-04-54_sideRight__0008295,2,2,0
sideRight__BLR-2018-05-22_12-04-54_sideRight__000838_r,1,3,2
sideRight__BLR-2018-05-22_12-04-54_sideRight__000928_r,2,2,0
sideRight__BLR-2018-05-22_12-04-54_sideRight__0009420,1,1,0
sideRight__BLR-2018-05-22_12-04-54_sideRight__000951_r,7,6,-1
sideRight__BLR-2018-05-22_12-04-54_sideRight__0009555,7,8,1
sideRight__BLR-2018-05-22_12-04-54_sideRight__0010500,1,1,0
sideRight__BLR-2018-05-22_13-01-18_sideRight__000136_r,3,3,0
sideRight__BLR-2018-05-22_13-01-18_sideRight__000168_r,3,3,0
sideRight__BLR-2018-05-22_13-01-18_sideRight__000262_r,2,2,0
sideRight__BLR-2018-05-22_13-01-18_sideRight__000505_r,2,1,-1
sideRight__BLR-2018-05-22_13-01-18_sideRight__000541_r,2,1,-1
sideRight__BLR-2018-05-22_13-01-18_sideRight__0006675,1,1,0
sideRight__BLR-2018-05-22_13-01-18_sideRight__000685_r,4,4,0
sideRight__BLR-2018-05-22_13-01-18_sideRight__0007305,4,6,2
sideRight__BLR-2018-05-22_13-01-18_sideRight__000856_r,7,5,-2
sideRight__BLR-2018-05-22_13-01-18_sideRight__000991_r,2,1,-1
sideRight__BLR-2018-05-22_13-01-18_sideRight__000996_r,3,5,2
sideRight__BLR-2018-05-22_13-13-31_sideRight__0000825,3,3,0
sideRight__BLR-2018-05-22_13-13-31_sideRight__000204_r,3,3,0
sideRight__BLR-2018-05-22_13-13-31_sideRight__000289_r,7,6,-1
sideRight__BLR-2018-05-22_13-13-31_sideRight__0003075,5,6,1
sideRight__BLR-2018-05-22_13-21-45_sideRight__000172_r,4,3,-1
sideRight__BLR-2018-05-22_13-21-45_sideRight__000249_r,1,0,-1
sideRight__BLR-2018-05-22_13-21-45_sideRight__000384_r,3,3,0
sideRight__BLR-2018-05-22_13-21-45_sideRight__000465_r,1,1,0
sideRight__BLR-2018-05-22_13-21-45_sideRight__000636_r,6,4,-2
sideRight__BLR-2018-05-22_13-21-45_sideRight__000721_r,1,1,0
sideRight__BLR-2018-05-22_13-21-45_sideRight__0007485,9,6,-3
sideRight__BLR-2018-05-22_13-21-45_sideRight__0008295,4,6,2
sideRight__BLR-2018-05-22_13-21-45_sideRight__0009375,3,1,-2
sideRight__BLR-2018-05-22_13-21-45_sideRight__0009555,3,1,-2
sideRight__BLR-2018-05-29_10-49-32_sideRight__000492_r,4,3,-1
sideRight__BLR-2018-05-29_10-49-32_sideRight__000793_r,6,2,-4
sideRight__BLR-2018-05-29_10-59-01_sideRight__000006_r,2,2,0
sideRight__BLR-2018-05-29_10-59-01_sideRight__000069_r,5,3,-2
sideRight__BLR-2018-05-29_10-59-01_sideRight__0001635,3,2,-1
sideRight__BLR-2018-05-29_10-59-01_sideRight__000168_r,3,2,-1
sideRight__BLR-2018-05-29_10-59-01_sideRight__000172_r,1,1,0
sideRight__BLR-2018-05-29_10-59-01_sideRight__0002085,3,3,0
sideRight__BLR-2018-05-29_10-59-01_sideRight__000330_r,1,1,0
sideRight__BLR-2018-05-29_10-59-01_sideRight__000433_r,4,5,1
sideRight__BLR-2018-05-29_10-59-01_sideRight__000456_r,2,2,0
sideRight__BLR-2018-05-29_10-59-01_sideRight__0005145,1,1,0
sideRight__BLR-2018-05-29_10-59-01_sideRight__0007080,1,1,0
sideRight__BLR-2018-05-29_10-59-01_sideRight__0007755,2,2,0
sideRight__BLR-2018-05-29_10-59-01_sideRight__000784_r,1,2,1
sideRight__BLR-2018-05-29_10-59-01_sideRight__000793_r,2,1,-1
sideRight__BLR-2018-05-29_11-08-34_sideRight__0003840,2,2,0
sideRight__BLR-2018-05-29_11-08-34_sideRight__000469_r,3,3,0
sideRight__BLR-2018-05-29_11-08-34_sideRight__000618_r,2,2,0
sideRight__BLR-2018-05-29_11-08-34_sideRight__0008475,3,3,0
sideRight__BLR-2018-05-29_11-19-12_sideRight__0000240,4,3,-1
sideRight__BLR-2018-05-29_11-19-12_sideRight__000096_r,3,3,0
sideRight__BLR-2018-05-29_11-19-12_sideRight__000118_r,3,3,0
sideRight__BLR-2018-05-29_11-19-12_sideRight__000267_r,3,4,1
sideRight__BLR-2018-05-29_11-55-34_sideRight__000037_r,2,2,0
sideRight__BLR-2018-05-29_11-55-34_sideRight__000114_r,4,3,-1
sideRight__BLR-2018-05-29_11-55-34_sideRight__000190_r,2,2,0
sideRight__BLR-2018-05-31_11-10-16_sideRight__000483_r,0,0,0
sideRight__BLR-2018-05-31_11-21-58_sideRight__000406_r,7,7,0
sideRight__BLR-2018-05-31_11-21-58_sideRight__0004335,7,7,0
sideRight__BLR-2018-05-31_11-21-58_sideRight__0004650,9,7,-2
sideRight__BLR-2018-06-05_08-39-44_sideRight__000046_r,7,6,-1
sideRight__BLR-2018-06-05_08-39-44_sideRight__000105_r,7,6,-1
sideRight__BLR-2018-06-05_08-39-44_sideRight__0002625,4,4,0
sideRight__BLR-2018-06-05_08-39-44_sideRight__0004065,4,4,0
sideRight__BLR-2018-06-05_08-39-44_sideRight__0004200,3,2,-1
sideRight__BLR-2018-06-05_08-39-44_sideRight__0004335,2,2,0
sideRight__BLR-2018-06-05_08-39-44_sideRight__000451_r,2,2,0
sideRight__BLR-2018-06-05_08-39-44_sideRight__000537_r,1,1,0
sideRight__BLR-2018-06-05_08-39-44_sideRight__000802_r,3,3,0
sideRight__BLR-2018-06-05_08-50-18_sideRight__000132_r,4,4,0
sideRight__BLR-2018-06-05_08-50-18_sideRight__0001905,4,6,2
sideRight__BLR-2018-06-05_08-50-18_sideRight__0002850,1,1,0
sideRight__BLR-2018-06-05_08-50-18_sideRight__0004965,2,2,0
sideRight__BLR-2018-06-05_08-50-18_sideRight__000496_r,2,1,-1
sideRight__BLR-2018-06-05_08-50-18_sideRight__000505_r,4,3,-1
sideRight__BLR-2018-06-05_08-50-18_sideRight__0006855,5,5,0
sideRight__BLR-2018-06-05_08-50-18_sideRight__000726_r,5,6,1
sideRight__BLR-2018-06-05_08-50-18_sideRight__0007710,5,5,0
sideRight__BLR-2018-06-05_08-50-18_sideRight__0008430,5,5,0
sideRight__BLR-2018-06-05_08-50-18_sideRight__0008610,5,5,0
sideRight__BLR-2018-06-05_08-50-18_sideRight__0009375,4,4,0
sideRight__BLR-2018-06-05_08-50-18_sideRight__0010455,5,6,1
sideRight__BLR-2018-06-05_08-50-18_sideRight__0011625,5,5,0
sideRight__BLR-2018-06-05_08-50-18_sideRight__0012210,7,9,2
sideRight__BLR-2018-06-05_08-50-18_sideRight__001230_r,6,6,0
sideRight__BLR-2018-06-05_08-50-18_sideRight__001320_r,6,6,0
sideRight__BLR-2018-06-05_08-50-18_sideRight__001338_r,6,9,3
sideRight__BLR-2018-06-06_16-30-25_sideRight__000379_r,4,4,0
sideRight__BLR-2018-06-06_16-30-25_sideRight__000532_r,2,2,0
